Sample in Buffer,Sample in Window,TRIGGER,reg_valid_bytes_ad[15:5],U_reg_aes/reg_crypt_noncein_reg[127]_1[127:0],U_reg_aes/reg_crypt_textin_buffer_msg[127:0],control[4:0],write_data[7:0],reg_valid_bytes_msg[15:5]
Radix - UNSIGNED,UNSIGNED,UNSIGNED,HEX,HEX,HEX,HEX,HEX,HEX
0,0,0,000,0f0e0d0c0b0a09080706050403020100,7856341211ccbbaa3412cdab003002f1,00,ff,000
1,1,0,000,0f0e0d0c0b0a09080706050403020100,7856341211ccbbaa3412cdab003002f1,00,ff,000
2,2,0,000,0f0e0d0c0b0a09080706050403020100,7856341211ccbbaa3412cdab003002f1,00,ff,000
3,3,0,000,0f0e0d0c0b0a09080706050403020100,7856341211ccbbaa3412cdab003002f1,00,ff,000
4,4,0,000,0f0e0d0c0b0a09080706050403020100,7856341211ccbbaa3412cdab003002f1,00,ff,000
5,5,0,000,0f0e0d0c0b0a09080706050403020100,7856341211ccbbaa3412cdab003002f1,00,ff,000
6,6,0,000,0f0e0d0c0b0a09080706050403020100,7856341211ccbbaa3412cdab003002f1,00,ff,000
7,7,0,000,0f0e0d0c0b0a09080706050403020100,7856341211ccbbaa3412cdab003002f1,00,ff,000
8,8,0,000,0f0e0d0c0b0a09080706050403020100,7856341211ccbbaa3412cdab003002f1,00,ff,000
9,9,0,000,0f0e0d0c0b0a09080706050403020100,7856341211ccbbaa3412cdab003002f1,00,ff,000
10,10,0,000,0f0e0d0c0b0a09080706050403020100,7856341211ccbbaa3412cdab003002f1,00,ff,000
11,11,0,000,0f0e0d0c0b0a09080706050403020100,7856341211ccbbaa3412cdab003002f1,00,ff,000
12,12,0,000,0f0e0d0c0b0a09080706050403020100,7856341211ccbbaa3412cdab003002f1,00,ff,000
13,13,0,000,0f0e0d0c0b0a09080706050403020100,7856341211ccbbaa3412cdab003002f1,00,ff,000
14,14,0,000,0f0e0d0c0b0a09080706050403020100,7856341211ccbbaa3412cdab003002f1,00,ff,000
15,15,0,000,0f0e0d0c0b0a09080706050403020100,7856341211ccbbaa3412cdab003002f1,00,ff,000
16,16,0,000,0f0e0d0c0b0a09080706050403020100,7856341211ccbbaa3412cdab003002f1,00,ff,000
17,17,0,000,0f0e0d0c0b0a09080706050403020100,7856341211ccbbaa3412cdab003002f1,00,ff,000
18,18,0,000,0f0e0d0c0b0a09080706050403020100,7856341211ccbbaa3412cdab003002f1,00,ff,000
19,19,0,000,0f0e0d0c0b0a09080706050403020100,7856341211ccbbaa3412cdab003002f1,00,ff,000
20,20,0,000,0f0e0d0c0b0a09080706050403020100,7856341211ccbbaa3412cdab003002f1,00,ff,000
21,21,0,000,0f0e0d0c0b0a09080706050403020100,7856341211ccbbaa3412cdab003002f1,00,ff,000
22,22,0,000,0f0e0d0c0b0a09080706050403020100,7856341211ccbbaa3412cdab003002f1,00,ff,000
23,23,0,000,0f0e0d0c0b0a09080706050403020100,7856341211ccbbaa3412cdab003002f1,00,ff,000
24,24,0,000,0f0e0d0c0b0a09080706050403020100,7856341211ccbbaa3412cdab003002f1,00,ff,000
25,25,0,000,0f0e0d0c0b0a09080706050403020100,7856341211ccbbaa3412cdab003002f1,00,ff,000
26,26,0,000,0f0e0d0c0b0a09080706050403020100,7856341211ccbbaa3412cdab003002f1,00,ff,000
27,27,0,000,0f0e0d0c0b0a09080706050403020100,7856341211ccbbaa3412cdab003002f1,00,ff,000
28,28,0,000,0f0e0d0c0b0a09080706050403020100,7856341211ccbbaa3412cdab003002f1,00,ff,000
29,29,0,000,0f0e0d0c0b0a09080706050403020100,7856341211ccbbaa3412cdab003002f1,00,ff,000
30,30,0,000,0f0e0d0c0b0a09080706050403020100,7856341211ccbbaa3412cdab003002f1,00,0b,000
31,31,0,000,0f0e0d0c0b0a09080706050403020100,7856341211ccbbaa3412cdab003002f1,00,0b,000
32,32,1,000,0f0e0d0c0b0a09080706050403020100,7856341211ccbbaa3412cdab003002f1,0b,0b,000
33,33,0,000,0f0e0d0c0b0a09080706050403020100,7856341211ccbbaa3412cdab003002f1,0b,0b,000
34,34,0,000,0f0e0d0c0b0a09080706050403020100,7856341211ccbbaa3412cdab003002f1,0b,0b,000
35,35,0,000,0f0e0d0c0b0a09080706050403020100,7856341211ccbbaa3412cdab003002f1,0b,0b,000
36,36,0,000,0f0e0d0c0b0a09080706050403020100,7856341211ccbbaa3412cdab003002f1,0b,0b,000
37,37,0,000,0f0e0d0c0b0a09080706050403020100,7856341211ccbbaa3412cdab003002f1,0b,0b,000
38,38,0,000,0f0e0d0c0b0a09080706050403020100,7856341211ccbbaa3412cdab003002f1,0b,0b,000
39,39,0,000,0f0e0d0c0b0a09080706050403020100,7856341211ccbbaa3412cdab003002f1,0b,0b,000
40,40,0,000,0f0e0d0c0b0a09080706050403020100,7856341211ccbbaa3412cdab003002f1,0b,0b,000
41,41,0,000,0f0e0d0c0b0a09080706050403020100,7856341211ccbbaa3412cdab003002f1,0b,0b,000
42,42,0,000,0f0e0d0c0b0a09080706050403020100,7856341211ccbbaa3412cdab003002f1,0b,0b,000
43,43,0,000,0f0e0d0c0b0a09080706050403020100,7856341211ccbbaa3412cdab003002f1,0b,0b,000
44,44,0,000,0f0e0d0c0b0a09080706050403020100,7856341211ccbbaa3412cdab003002f1,0b,0b,000
45,45,0,000,0f0e0d0c0b0a09080706050403020100,7856341211ccbbaa3412cdab003002f1,0b,0b,000
46,46,0,000,0f0e0d0c0b0a09080706050403020100,7856341211ccbbaa3412cdab003002f1,0b,0b,000
47,47,0,000,0f0e0d0c0b0a09080706050403020100,7856341211ccbbaa3412cdab003002f1,0b,0b,000
48,48,0,000,0f0e0d0c0b0a09080706050403020100,7856341211ccbbaa3412cdab003002f1,0b,0b,000
49,49,0,000,0f0e0d0c0b0a09080706050403020100,7856341211ccbbaa3412cdab003002f1,0b,0b,000
50,50,0,000,0f0e0d0c0b0a09080706050403020100,7856341211ccbbaa3412cdab003002f1,0b,0b,000
51,51,0,000,0f0e0d0c0b0a09080706050403020100,7856341211ccbbaa3412cdab003002f1,0b,0b,000
52,52,0,000,0f0e0d0c0b0a09080706050403020100,7856341211ccbbaa3412cdab003002f1,0b,0b,000
53,53,0,000,0f0e0d0c0b0a09080706050403020100,7856341211ccbbaa3412cdab003002f1,0b,0b,000
54,54,0,000,0f0e0d0c0b0a09080706050403020100,7856341211ccbbaa3412cdab003002f1,0b,0b,000
55,55,0,000,0f0e0d0c0b0a09080706050403020100,7856341211ccbbaa3412cdab003002f1,0b,0b,000
56,56,0,000,0f0e0d0c0b0a09080706050403020100,7856341211ccbbaa3412cdab003002f1,0b,0b,000
57,57,0,000,0f0e0d0c0b0a09080706050403020100,7856341211ccbbaa3412cdab003002f1,0b,0b,000
58,58,0,000,0f0e0d0c0b0a09080706050403020100,7856341211ccbbaa3412cdab003002f1,0b,0b,000
59,59,0,000,0f0e0d0c0b0a09080706050403020100,7856341211ccbbaa3412cdab003002f1,0b,0b,000
60,60,0,000,0f0e0d0c0b0a09080706050403020100,7856341211ccbbaa3412cdab003002f1,0b,0b,000
61,61,0,000,0f0e0d0c0b0a09080706050403020100,7856341211ccbbaa3412cdab003002f1,0b,0b,000
62,62,0,000,0f0e0d0c0b0a09080706050403020100,7856341211ccbbaa3412cdab003002f1,0b,0b,000
63,63,0,000,0f0e0d0c0b0a09080706050403020100,7856341211ccbbaa3412cdab003002f1,0b,0b,000
64,64,0,000,0f0e0d0c0b0a09080706050403020100,7856341211ccbbaa3412cdab003002f1,0b,0b,000
65,65,0,000,0f0e0d0c0b0a09080706050403020100,7856341211ccbbaa3412cdab003002f1,0b,0b,000
66,66,0,000,0f0e0d0c0b0a09080706050403020100,7856341211ccbbaa3412cdab003002f1,0b,0b,000
67,67,0,000,0f0e0d0c0b0a09080706050403020100,7856341211ccbbaa3412cdab003002f1,0b,0b,000
68,68,0,000,0f0e0d0c0b0a09080706050403020100,7856341211ccbbaa3412cdab003002f1,0b,0b,000
69,69,0,000,0f0e0d0c0b0a09080706050403020100,7856341211ccbbaa3412cdab003002f1,0b,0b,000
70,70,0,000,0f0e0d0c0b0a09080706050403020100,7856341211ccbbaa3412cdab003002f1,0b,0b,000
71,71,0,000,0f0e0d0c0b0a09080706050403020100,7856341211ccbbaa3412cdab003002f1,0b,0b,000
72,72,0,000,0f0e0d0c0b0a09080706050403020100,7856341211ccbbaa3412cdab003002f1,0b,0b,000
73,73,0,000,0f0e0d0c0b0a09080706050403020100,7856341211ccbbaa3412cdab003002f1,0b,0b,000
74,74,0,000,0f0e0d0c0b0a09080706050403020100,7856341211ccbbaa3412cdab003002f1,0b,0b,000
75,75,0,000,0f0e0d0c0b0a09080706050403020100,7856341211ccbbaa3412cdab003002f1,0b,0b,000
76,76,0,000,0f0e0d0c0b0a09080706050403020100,7856341211ccbbaa3412cdab003002f1,0b,0b,000
77,77,0,000,0f0e0d0c0b0a09080706050403020100,7856341211ccbbaa3412cdab003002f1,0b,0b,000
78,78,0,000,0f0e0d0c0b0a09080706050403020100,7856341211ccbbaa3412cdab003002f1,0b,0b,000
79,79,0,000,0f0e0d0c0b0a09080706050403020100,7856341211ccbbaa3412cdab003002f1,0b,0b,000
80,80,0,000,0f0e0d0c0b0a09080706050403020100,7856341211ccbbaa3412cdab003002f1,0b,0b,000
81,81,0,000,0f0e0d0c0b0a09080706050403020100,7856341211ccbbaa3412cdab003002f1,0b,0b,000
82,82,0,000,0f0e0d0c0b0a09080706050403020100,7856341211ccbbaa3412cdab003002f1,0b,0b,000
83,83,0,000,0f0e0d0c0b0a09080706050403020100,7856341211ccbbaa3412cdab003002f1,0b,0b,000
84,84,0,000,0f0e0d0c0b0a09080706050403020100,7856341211ccbbaa3412cdab003002f1,0b,0b,000
85,85,0,000,0f0e0d0c0b0a09080706050403020100,7856341211ccbbaa3412cdab003002f1,0b,0b,000
86,86,0,000,0f0e0d0c0b0a09080706050403020100,7856341211ccbbaa3412cdab003002f1,0b,0b,000
87,87,0,000,0f0e0d0c0b0a09080706050403020100,7856341211ccbbaa3412cdab003002f1,0b,0b,000
88,88,0,000,0f0e0d0c0b0a09080706050403020100,7856341211ccbbaa3412cdab003002f1,0b,0b,000
89,89,0,000,0f0e0d0c0b0a09080706050403020100,7856341211ccbbaa3412cdab003002f1,0b,0b,000
90,90,0,000,0f0e0d0c0b0a09080706050403020100,7856341211ccbbaa3412cdab003002f1,0b,0b,000
91,91,0,000,0f0e0d0c0b0a09080706050403020100,7856341211ccbbaa3412cdab003002f1,0b,0b,000
92,92,0,000,0f0e0d0c0b0a09080706050403020100,7856341211ccbbaa3412cdab003002f1,0b,0b,000
93,93,0,000,0f0e0d0c0b0a09080706050403020100,7856341211ccbbaa3412cdab003002f1,0b,0b,000
94,94,0,000,0f0e0d0c0b0a09080706050403020100,7856341211ccbbaa3412cdab003002f1,0b,0b,000
95,95,0,000,0f0e0d0c0b0a09080706050403020100,7856341211ccbbaa3412cdab003002f1,0b,0b,000
96,96,0,000,0f0e0d0c0b0a09080706050403020100,7856341211ccbbaa3412cdab003002f1,0b,0b,000
97,97,0,000,0f0e0d0c0b0a09080706050403020100,7856341211ccbbaa3412cdab003002f1,0b,0b,000
98,98,0,000,0f0e0d0c0b0a09080706050403020100,7856341211ccbbaa3412cdab003002f1,0b,0b,000
99,99,0,000,0f0e0d0c0b0a09080706050403020100,7856341211ccbbaa3412cdab003002f1,0b,0b,000
100,100,0,000,0f0e0d0c0b0a09080706050403020100,7856341211ccbbaa3412cdab003002f1,0b,0b,000
101,101,0,000,0f0e0d0c0b0a09080706050403020100,7856341211ccbbaa3412cdab003002f1,0b,0b,000
102,102,0,000,0f0e0d0c0b0a09080706050403020100,7856341211ccbbaa3412cdab003002f1,0b,0b,000
103,103,0,000,0f0e0d0c0b0a09080706050403020100,7856341211ccbbaa3412cdab003002f1,0b,0b,000
104,104,0,000,0f0e0d0c0b0a09080706050403020100,7856341211ccbbaa3412cdab003002f1,0b,0b,000
105,105,0,000,0f0e0d0c0b0a09080706050403020100,7856341211ccbbaa3412cdab003002f1,0b,0b,000
106,106,0,000,0f0e0d0c0b0a09080706050403020100,7856341211ccbbaa3412cdab003002f1,0b,0b,000
107,107,0,000,0f0e0d0c0b0a09080706050403020100,7856341211ccbbaa3412cdab003002f1,0b,0b,000
108,108,0,000,0f0e0d0c0b0a09080706050403020100,7856341211ccbbaa3412cdab003002f1,0b,0b,000
109,109,0,000,0f0e0d0c0b0a09080706050403020100,7856341211ccbbaa3412cdab003002f1,0b,0b,000
110,110,0,000,0f0e0d0c0b0a09080706050403020100,7856341211ccbbaa3412cdab003002f1,0b,0b,000
111,111,0,000,0f0e0d0c0b0a09080706050403020100,7856341211ccbbaa3412cdab003002f1,0b,0b,000
112,112,0,000,0f0e0d0c0b0a09080706050403020100,7856341211ccbbaa3412cdab003002f1,0b,0b,000
113,113,0,000,0f0e0d0c0b0a09080706050403020100,7856341211ccbbaa3412cdab003002f1,0b,0b,000
114,114,0,000,0f0e0d0c0b0a09080706050403020100,7856341211ccbbaa3412cdab003002f1,0b,0b,000
115,115,0,000,0f0e0d0c0b0a09080706050403020100,7856341211ccbbaa3412cdab003002f1,0b,0b,000
116,116,0,000,0f0e0d0c0b0a09080706050403020100,7856341211ccbbaa3412cdab003002f1,0b,0b,000
117,117,0,000,0f0e0d0c0b0a09080706050403020100,7856341211ccbbaa3412cdab003002f1,0b,0b,000
118,118,0,000,0f0e0d0c0b0a09080706050403020100,7856341211ccbbaa3412cdab003002f1,0b,0b,000
119,119,0,000,0f0e0d0c0b0a09080706050403020100,7856341211ccbbaa3412cdab003002f1,0b,0b,000
120,120,0,000,0f0e0d0c0b0a09080706050403020100,7856341211ccbbaa3412cdab003002f1,0b,0b,000
121,121,0,000,0f0e0d0c0b0a09080706050403020100,7856341211ccbbaa3412cdab003002f1,0b,4b,000
122,122,0,000,0f0e0d0c0b0a09080706050403020100,7856341211ccbbaa3412cdab003002f1,0b,cb,000
123,123,0,000,0f0e0d0c0b0a09080706050403020100,7856341211ccbbaa3412cdab003002f1,0b,cb,000
124,124,0,000,0f0e0d0c0b0a09080706050403020100,7856341211ccbbaa3412cdab003002f1,0b,cb,000
125,125,0,000,0f0e0d0c0b0a09080706050403020100,7856341211ccbbaa3412cdab003002f1,0b,cb,000
126,126,0,000,0f0e0d0c0b0a09080706050403020100,7856341211ccbbaa3412cdab003002f1,0b,cb,000
127,127,0,000,0f0e0d0c0b0a09080706050403020100,7856341211ccbbaa3412cdab003002f1,0b,cb,000
128,128,0,000,0f0e0d0c0b0a09080706050403020100,7856341211ccbbaa3412cdab003002f1,0b,cb,000
129,129,0,000,0f0e0d0c0b0a09080706050403020100,7856341211ccbbaa3412cdab003002f1,0b,cb,000
130,130,0,000,0f0e0d0c0b0a09080706050403020100,7856341211ccbbaa3412cdab003002f1,0b,cb,000
131,131,0,000,0f0e0d0c0b0a09080706050403020100,7856341211ccbbaa3412cdab003002f1,0b,cb,000
132,132,0,000,0f0e0d0c0b0a09080706050403020100,7856341211ccbbaa3412cdab003002f1,0b,cb,000
133,133,0,000,0f0e0d0c0b0a09080706050403020100,7856341211ccbbaa3412cdab003002f1,0b,cb,000
134,134,0,000,0f0e0d0c0b0a09080706050403020100,7856341211ccbbaa3412cdab003002f1,0b,cb,000
135,135,0,000,0f0e0d0c0b0a09080706050403020100,7856341211ccbbaa3412cdab003002f1,0b,cb,000
136,136,0,000,0f0e0d0c0b0a09080706050403020100,7856341211ccbbaa3412cdab003002f1,0b,cb,000
137,137,0,000,0f0e0d0c0b0a09080706050403020100,7856341211ccbbaa3412cdab003002f1,0b,cb,000
138,138,0,000,0f0e0d0c0b0a09080706050403020100,7856341211ccbbaa3412cdab003002f1,0b,db,000
139,139,0,000,0f0e0d0c0b0a09080706050403020100,7856341211ccbbaa3412cdab003002f1,0b,db,000
140,140,0,000,0f0e0d0c0b0a09080706050403020100,7856341211ccbbaa3412cdab003002f1,0b,db,000
141,141,0,000,0f0e0d0c0b0a09080706050403020100,7856341211ccbbaa3412cdab003002f1,0b,fb,000
142,142,0,000,0f0e0d0c0b0a09080706050403020100,7856341211ccbbaa3412cdab003002f1,0b,fb,000
143,143,0,000,0f0e0d0c0b0a09080706050403020100,7856341211ccbbaa3412cdab003002f1,0b,fb,000
144,144,0,000,0f0e0d0c0b0a09080706050403020100,7856341211ccbbaa3412cdab003002f1,0b,fb,000
145,145,0,000,0f0e0d0c0b0a09080706050403020100,7856341211ccbbaa3412cdab003002f1,0b,fb,000
146,146,0,000,0f0e0d0c0b0a09080706050403020100,7856341211ccbbaa3412cdab003002f1,0b,fb,000
147,147,0,000,0f0e0d0c0b0a09080706050403020100,7856341211ccbbaa3412cdab003002f1,0b,fb,000
148,148,0,000,0f0e0d0c0b0a09080706050403020100,7856341211ccbbaa3412cdab003002f1,0b,ff,000
149,149,0,000,0f0e0d0c0b0a09080706050403020100,7856341211ccbbaa3412cdab003002f1,0b,ff,000
150,150,0,000,0f0e0d0c0b0a09080706050403020100,7856341211ccbbaa3412cdab003002f1,0b,ff,000
151,151,0,000,0f0e0d0c0b0a09080706050403020100,7856341211ccbbaa3412cdab003002f1,0b,ff,000
152,152,0,000,0f0e0d0c0b0a09080706050403020100,7856341211ccbbaa3412cdab003002f1,0b,ff,000
153,153,0,000,0f0e0d0c0b0a09080706050403020100,7856341211ccbbaa3412cdab003002f1,0b,ff,000
154,154,0,000,0f0e0d0c0b0a09080706050403020100,7856341211ccbbaa3412cdab003002f1,0b,ff,000
155,155,0,000,0f0e0d0c0b0a09080706050403020100,7856341211ccbbaa3412cdab003002f1,0b,ff,000
156,156,0,000,0f0e0d0c0b0a09080706050403020100,7856341211ccbbaa3412cdab003002f1,0b,ff,000
157,157,0,000,0f0e0d0c0b0a09080706050403020100,7856341211ccbbaa3412cdab003002f1,0b,ff,000
158,158,0,000,0f0e0d0c0b0a09080706050403020100,7856341211ccbbaa3412cdab003002f1,0b,ff,000
159,159,0,000,0f0e0d0c0b0a09080706050403020100,7856341211ccbbaa3412cdab003002f1,0b,ff,000
160,160,0,000,0f0e0d0c0b0a09080706050403020100,7856341211ccbbaa3412cdab003002f1,0b,ff,000
161,161,0,000,0f0e0d0c0b0a09080706050403020100,7856341211ccbbaa3412cdab003002f1,0b,ff,000
162,162,0,000,0f0e0d0c0b0a09080706050403020100,7856341211ccbbaa3412cdab003002f1,0b,ff,000
163,163,0,000,0f0e0d0c0b0a09080706050403020100,7856341211ccbbaa3412cdab003002f1,0b,ff,000
164,164,0,000,0f0e0d0c0b0a09080706050403020100,7856341211ccbbaa3412cdab003002f1,0b,ff,000
165,165,0,000,0f0e0d0c0b0a09080706050403020100,7856341211ccbbaa3412cdab003002f1,0b,ff,000
166,166,0,000,0f0e0d0c0b0a09080706050403020100,7856341211ccbbaa3412cdab003002f1,0b,ff,000
167,167,0,000,0f0e0d0c0b0a09080706050403020100,7856341211ccbbaa3412cdab003002f1,0b,ff,000
168,168,0,000,0f0e0d0c0b0a09080706050403020100,7856341211ccbbaa3412cdab003002f1,0b,ff,000
169,169,0,000,0f0e0d0c0b0a09080706050403020100,7856341211ccbbaa3412cdab003002f1,0b,ff,000
170,170,0,000,0f0e0d0c0b0a09080706050403020100,7856341211ccbbaa3412cdab003002f1,0b,ff,000
171,171,0,000,0f0e0d0c0b0a09080706050403020100,7856341211ccbbaa3412cdab003002f1,0b,ff,000
172,172,0,000,0f0e0d0c0b0a09080706050403020100,7856341211ccbbaa3412cdab003002f1,0b,ff,000
173,173,0,000,0f0e0d0c0b0a09080706050403020100,7856341211ccbbaa3412cdab003002f1,0b,ff,000
174,174,0,000,0f0e0d0c0b0a09080706050403020100,7856341211ccbbaa3412cdab003002f1,0b,ff,000
175,175,0,000,0f0e0d0c0b0a09080706050403020100,7856341211ccbbaa3412cdab003002f1,0b,ff,000
176,176,0,000,0f0e0d0c0b0a09080706050403020100,7856341211ccbbaa3412cdab003002f1,0b,ff,000
177,177,0,000,0f0e0d0c0b0a09080706050403020100,7856341211ccbbaa3412cdab003002f1,0b,ff,000
178,178,0,000,0f0e0d0c0b0a09080706050403020100,7856341211ccbbaa3412cdab003002f1,0b,ff,000
179,179,0,000,0f0e0d0c0b0a09080706050403020100,7856341211ccbbaa3412cdab003002f1,0b,ff,000
180,180,0,000,0f0e0d0c0b0a09080706050403020100,7856341211ccbbaa3412cdab003002f1,0b,ff,000
181,181,0,000,0f0e0d0c0b0a09080706050403020100,7856341211ccbbaa3412cdab003002f1,0b,ff,000
182,182,0,000,0f0e0d0c0b0a09080706050403020100,7856341211ccbbaa3412cdab003002f1,0b,ff,000
183,183,0,000,0f0e0d0c0b0a09080706050403020100,7856341211ccbbaa3412cdab003002f1,0b,ff,000
184,184,0,000,0f0e0d0c0b0a09080706050403020100,7856341211ccbbaa3412cdab003002f1,0b,ff,000
185,185,0,000,0f0e0d0c0b0a09080706050403020100,7856341211ccbbaa3412cdab003002f1,0b,ff,000
186,186,0,000,0f0e0d0c0b0a09080706050403020100,7856341211ccbbaa3412cdab003002f1,0b,ff,000
187,187,0,000,0f0e0d0c0b0a09080706050403020100,7856341211ccbbaa3412cdab003002f1,0b,ff,000
188,188,0,000,0f0e0d0c0b0a09080706050403020100,7856341211ccbbaa3412cdab003002f1,0b,ff,000
189,189,0,000,0f0e0d0c0b0a09080706050403020100,7856341211ccbbaa3412cdab003002f1,0b,ff,000
190,190,0,000,0f0e0d0c0b0a09080706050403020100,7856341211ccbbaa3412cdab003002f1,0b,ff,000
191,191,0,000,0f0e0d0c0b0a09080706050403020100,7856341211ccbbaa3412cdab003002f1,0b,ff,000
192,192,0,000,0f0e0d0c0b0a09080706050403020100,7856341211ccbbaa3412cdab003002f1,0b,ff,000
193,193,0,000,0f0e0d0c0b0a09080706050403020100,7856341211ccbbaa3412cdab003002f1,0b,ff,000
194,194,0,000,0f0e0d0c0b0a09080706050403020100,7856341211ccbbaa3412cdab003002f1,0b,ff,000
195,195,0,000,0f0e0d0c0b0a09080706050403020100,7856341211ccbbaa3412cdab003002f1,0b,ff,000
196,196,0,000,0f0e0d0c0b0a09080706050403020100,7856341211ccbbaa3412cdab003002f1,0b,ff,000
197,197,0,000,0f0e0d0c0b0a09080706050403020100,7856341211ccbbaa3412cdab003002f1,0b,ff,000
198,198,0,000,0f0e0d0c0b0a09080706050403020100,7856341211ccbbaa3412cdab003002f1,0b,ff,000
199,199,0,000,0f0e0d0c0b0a09080706050403020100,7856341211ccbbaa3412cdab003002f1,0b,ff,000
200,200,0,000,0f0e0d0c0b0a09080706050403020100,7856341211ccbbaa3412cdab003002f1,0b,ff,000
201,201,0,000,0f0e0d0c0b0a09080706050403020100,7856341211ccbbaa3412cdab003002f1,0b,ff,000
202,202,0,000,0f0e0d0c0b0a09080706050403020100,7856341211ccbbaa3412cdab003002f1,0b,ff,000
203,203,0,000,0f0e0d0c0b0a09080706050403020100,7856341211ccbbaa3412cdab003002f1,0b,ff,000
204,204,0,000,0f0e0d0c0b0a09080706050403020100,7856341211ccbbaa3412cdab003002f1,0b,ff,000
205,205,0,000,0f0e0d0c0b0a09080706050403020100,7856341211ccbbaa3412cdab003002f1,0b,ff,000
206,206,0,000,0f0e0d0c0b0a09080706050403020100,7856341211ccbbaa3412cdab003002f1,0b,ff,000
207,207,0,000,0f0e0d0c0b0a09080706050403020100,7856341211ccbbaa3412cdab003002f1,0b,ff,000
208,208,0,000,0f0e0d0c0b0a09080706050403020100,7856341211ccbbaa3412cdab003002f1,0b,ff,000
209,209,0,000,0f0e0d0c0b0a09080706050403020100,7856341211ccbbaa3412cdab003002f1,0b,ff,000
210,210,0,000,0f0e0d0c0b0a09080706050403020100,7856341211ccbbaa3412cdab003002f1,0b,ff,000
211,211,0,000,0f0e0d0c0b0a09080706050403020100,7856341211ccbbaa3412cdab003002f1,0b,ff,000
212,212,0,000,0f0e0d0c0b0a09080706050403020100,7856341211ccbbaa3412cdab003002f1,0b,ff,000
213,213,0,000,0f0e0d0c0b0a09080706050403020100,7856341211ccbbaa3412cdab003002f1,0b,ff,000
214,214,0,000,0f0e0d0c0b0a09080706050403020100,7856341211ccbbaa3412cdab003002f1,0b,ff,000
215,215,0,000,0f0e0d0c0b0a09080706050403020100,7856341211ccbbaa3412cdab003002f1,0b,ff,000
216,216,0,000,0f0e0d0c0b0a09080706050403020100,7856341211ccbbaa3412cdab003002f1,0b,ff,000
217,217,0,000,0f0e0d0c0b0a09080706050403020100,7856341211ccbbaa3412cdab003002f1,0b,ff,000
218,218,0,000,0f0e0d0c0b0a09080706050403020100,7856341211ccbbaa3412cdab003002f1,0b,ff,000
219,219,0,000,0f0e0d0c0b0a09080706050403020100,7856341211ccbbaa3412cdab003002f1,0b,ff,000
220,220,0,000,0f0e0d0c0b0a09080706050403020100,7856341211ccbbaa3412cdab003002f1,0b,ff,000
221,221,0,000,0f0e0d0c0b0a09080706050403020100,7856341211ccbbaa3412cdab003002f1,0b,ff,000
222,222,0,000,0f0e0d0c0b0a09080706050403020100,7856341211ccbbaa3412cdab003002f1,0b,ff,000
223,223,0,000,0f0e0d0c0b0a09080706050403020100,7856341211ccbbaa3412cdab003002f1,0b,ff,000
224,224,0,000,0f0e0d0c0b0a09080706050403020100,7856341211ccbbaa3412cdab003002f1,0b,ff,000
225,225,0,000,0f0e0d0c0b0a09080706050403020100,7856341211ccbbaa3412cdab003002f1,0b,ff,000
226,226,0,000,0f0e0d0c0b0a09080706050403020100,7856341211ccbbaa3412cdab003002f1,0b,ff,000
227,227,0,000,0f0e0d0c0b0a09080706050403020100,7856341211ccbbaa3412cdab003002f1,0b,ff,000
228,228,0,000,0f0e0d0c0b0a09080706050403020100,7856341211ccbbaa3412cdab003002f1,0b,ff,000
229,229,0,000,0f0e0d0c0b0a09080706050403020100,7856341211ccbbaa3412cdab003002f1,0b,ff,000
230,230,0,000,0f0e0d0c0b0a09080706050403020100,7856341211ccbbaa3412cdab003002f1,0b,ff,000
231,231,0,000,0f0e0d0c0b0a09080706050403020100,7856341211ccbbaa3412cdab003002f1,0b,ff,000
232,232,0,000,0f0e0d0c0b0a09080706050403020100,7856341211ccbbaa3412cdab003002f1,0b,ff,000
233,233,0,000,0f0e0d0c0b0a09080706050403020100,7856341211ccbbaa3412cdab003002f1,0b,ff,000
234,234,0,000,0f0e0d0c0b0a09080706050403020100,7856341211ccbbaa3412cdab003002f1,0b,ff,000
235,235,0,000,0f0e0d0c0b0a09080706050403020100,7856341211ccbbaa3412cdab003002f1,0b,ff,000
236,236,0,000,0f0e0d0c0b0a09080706050403020100,7856341211ccbbaa3412cdab003002f1,0b,ff,000
237,237,0,000,0f0e0d0c0b0a09080706050403020100,7856341211ccbbaa3412cdab003002f1,0b,ff,000
238,238,0,000,0f0e0d0c0b0a09080706050403020100,7856341211ccbbaa3412cdab003002f1,0b,ff,000
239,239,0,000,0f0e0d0c0b0a09080706050403020100,7856341211ccbbaa3412cdab003002f1,0b,ff,000
240,240,0,000,0f0e0d0c0b0a09080706050403020100,7856341211ccbbaa3412cdab003002f1,0b,ff,000
241,241,0,000,0f0e0d0c0b0a09080706050403020100,7856341211ccbbaa3412cdab003002f1,0b,ff,000
242,242,0,000,0f0e0d0c0b0a09080706050403020100,7856341211ccbbaa3412cdab003002f1,0b,ff,000
243,243,0,000,0f0e0d0c0b0a09080706050403020100,7856341211ccbbaa3412cdab003002f1,0b,ff,000
244,244,0,000,0f0e0d0c0b0a09080706050403020100,7856341211ccbbaa3412cdab003002f1,0b,ff,000
245,245,0,000,0f0e0d0c0b0a09080706050403020100,7856341211ccbbaa3412cdab003002f1,0b,ff,000
246,246,0,000,0f0e0d0c0b0a09080706050403020100,7856341211ccbbaa3412cdab003002f1,0b,ff,000
247,247,0,000,0f0e0d0c0b0a09080706050403020100,7856341211ccbbaa3412cdab003002f1,0b,ff,000
248,248,0,000,0f0e0d0c0b0a09080706050403020100,7856341211ccbbaa3412cdab003002f1,0b,ff,000
249,249,0,000,0f0e0d0c0b0a09080706050403020100,7856341211ccbbaa3412cdab003002f1,0b,ff,000
250,250,0,000,0f0e0d0c0b0a09080706050403020100,7856341211ccbbaa3412cdab003002f1,0b,ff,000
251,251,0,000,0f0e0d0c0b0a09080706050403020100,7856341211ccbbaa3412cdab003002f1,0b,ff,000
252,252,0,000,0f0e0d0c0b0a09080706050403020100,7856341211ccbbaa3412cdab003002f1,0b,ff,000
253,253,0,000,0f0e0d0c0b0a09080706050403020100,7856341211ccbbaa3412cdab003002f1,0b,ff,000
254,254,0,000,0f0e0d0c0b0a09080706050403020100,7856341211ccbbaa3412cdab003002f1,0b,ff,000
255,255,0,000,0f0e0d0c0b0a09080706050403020100,7856341211ccbbaa3412cdab003002f1,0b,ff,000
256,256,0,000,0f0e0d0c0b0a09080706050403020100,7856341211ccbbaa3412cdab003002f1,0b,ff,000
257,257,0,000,0f0e0d0c0b0a09080706050403020100,7856341211ccbbaa3412cdab003002f1,0b,ff,000
258,258,0,000,0f0e0d0c0b0a09080706050403020100,7856341211ccbbaa3412cdab003002f1,0b,ff,000
259,259,0,000,0f0e0d0c0b0a09080706050403020100,7856341211ccbbaa3412cdab003002f1,0b,ff,000
260,260,0,000,0f0e0d0c0b0a09080706050403020100,7856341211ccbbaa3412cdab003002f1,0b,ff,000
261,261,0,000,0f0e0d0c0b0a09080706050403020100,7856341211ccbbaa3412cdab003002f1,0b,ff,000
262,262,0,000,0f0e0d0c0b0a09080706050403020100,7856341211ccbbaa3412cdab003002f1,0b,ff,000
263,263,0,000,0f0e0d0c0b0a09080706050403020100,7856341211ccbbaa3412cdab003002f1,0b,ff,000
264,264,0,000,0f0e0d0c0b0a09080706050403020100,7856341211ccbbaa3412cdab003002f1,0b,ff,000
265,265,0,000,0f0e0d0c0b0a09080706050403020100,7856341211ccbbaa3412cdab003002f1,0b,ff,000
266,266,0,000,0f0e0d0c0b0a09080706050403020100,7856341211ccbbaa3412cdab003002f1,0b,ff,000
267,267,0,000,0f0e0d0c0b0a09080706050403020100,7856341211ccbbaa3412cdab003002f1,0b,ff,000
268,268,0,000,0f0e0d0c0b0a09080706050403020100,7856341211ccbbaa3412cdab003002f1,0b,ff,000
269,269,0,000,0f0e0d0c0b0a09080706050403020100,7856341211ccbbaa3412cdab003002f1,0b,ff,000
270,270,0,000,0f0e0d0c0b0a09080706050403020100,7856341211ccbbaa3412cdab003002f1,0b,ff,000
271,271,0,000,0f0e0d0c0b0a09080706050403020100,7856341211ccbbaa3412cdab003002f1,0b,ff,000
272,272,0,000,0f0e0d0c0b0a09080706050403020100,7856341211ccbbaa3412cdab003002f1,0b,ff,000
273,273,0,000,0f0e0d0c0b0a09080706050403020100,7856341211ccbbaa3412cdab003002f1,0b,ff,000
274,274,0,000,0f0e0d0c0b0a09080706050403020100,7856341211ccbbaa3412cdab003002f1,0b,ff,000
275,275,0,000,0f0e0d0c0b0a09080706050403020100,7856341211ccbbaa3412cdab003002f1,0b,ff,000
276,276,0,000,0f0e0d0c0b0a09080706050403020100,7856341211ccbbaa3412cdab003002f1,0b,ff,000
277,277,0,000,0f0e0d0c0b0a09080706050403020100,7856341211ccbbaa3412cdab003002f1,0b,ff,000
278,278,0,000,0f0e0d0c0b0a09080706050403020100,7856341211ccbbaa3412cdab003002f1,0b,ff,000
279,279,0,000,0f0e0d0c0b0a09080706050403020100,7856341211ccbbaa3412cdab003002f1,0b,ff,000
280,280,0,000,0f0e0d0c0b0a09080706050403020100,7856341211ccbbaa3412cdab003002f1,0b,ff,000
281,281,0,000,0f0e0d0c0b0a09080706050403020100,7856341211ccbbaa3412cdab003002f1,0b,ff,000
282,282,0,000,0f0e0d0c0b0a09080706050403020100,7856341211ccbbaa3412cdab003002f1,0b,ff,000
283,283,0,000,0f0e0d0c0b0a09080706050403020100,7856341211ccbbaa3412cdab003002f1,0b,ff,000
284,284,0,000,0f0e0d0c0b0a09080706050403020100,7856341211ccbbaa3412cdab003002f1,0b,ff,000
285,285,0,000,0f0e0d0c0b0a09080706050403020100,7856341211ccbbaa3412cdab003002f1,0b,ff,000
286,286,0,000,0f0e0d0c0b0a09080706050403020100,7856341211ccbbaa3412cdab003002f1,0b,ff,000
287,287,0,000,0f0e0d0c0b0a09080706050403020100,7856341211ccbbaa3412cdab003002f1,0b,ff,000
288,288,0,000,0f0e0d0c0b0a09080706050403020100,7856341211ccbbaa3412cdab003002f1,0b,ff,000
289,289,0,000,0f0e0d0c0b0a09080706050403020100,7856341211ccbbaa3412cdab003002f1,0b,ff,000
290,290,0,000,0f0e0d0c0b0a09080706050403020100,7856341211ccbbaa3412cdab003002f1,0b,ff,000
291,291,0,000,0f0e0d0c0b0a09080706050403020100,7856341211ccbbaa3412cdab003002f1,0b,ff,000
292,292,0,000,0f0e0d0c0b0a09080706050403020100,7856341211ccbbaa3412cdab003002f1,0b,ff,000
293,293,0,000,0f0e0d0c0b0a09080706050403020100,7856341211ccbbaa3412cdab003002f1,0b,ff,000
294,294,0,000,0f0e0d0c0b0a09080706050403020100,7856341211ccbbaa3412cdab003002f1,0b,ff,000
295,295,0,000,0f0e0d0c0b0a09080706050403020100,7856341211ccbbaa3412cdab003002f1,0b,ff,000
296,296,0,000,0f0e0d0c0b0a09080706050403020100,7856341211ccbbaa3412cdab003002f1,0b,ff,000
297,297,0,000,0f0e0d0c0b0a09080706050403020100,7856341211ccbbaa3412cdab003002f1,0b,ff,000
298,298,0,000,0f0e0d0c0b0a09080706050403020100,7856341211ccbbaa3412cdab003002f1,0b,ff,000
299,299,0,000,0f0e0d0c0b0a09080706050403020100,7856341211ccbbaa3412cdab003002f1,0b,ff,000
300,300,0,000,0f0e0d0c0b0a09080706050403020100,7856341211ccbbaa3412cdab003002f1,0b,ff,000
301,301,0,000,0f0e0d0c0b0a09080706050403020100,7856341211ccbbaa3412cdab003002f1,0b,ff,000
302,302,0,000,0f0e0d0c0b0a09080706050403020100,7856341211ccbbaa3412cdab003002f1,0b,ff,000
303,303,0,000,0f0e0d0c0b0a09080706050403020100,7856341211ccbbaa3412cdab003002f1,0b,ff,000
304,304,0,000,0f0e0d0c0b0a09080706050403020100,7856341211ccbbaa3412cdab003002f1,0b,ff,000
305,305,0,000,0f0e0d0c0b0a09080706050403020100,7856341211ccbbaa3412cdab003002f1,0b,ff,000
306,306,0,000,0f0e0d0c0b0a09080706050403020100,7856341211ccbbaa3412cdab003002f1,0b,ff,000
307,307,0,000,0f0e0d0c0b0a09080706050403020100,7856341211ccbbaa3412cdab003002f1,0b,ff,000
308,308,0,000,0f0e0d0c0b0a09080706050403020100,7856341211ccbbaa3412cdab003002f1,0b,ff,000
309,309,0,000,0f0e0d0c0b0a09080706050403020100,7856341211ccbbaa3412cdab003002f1,0b,ff,000
310,310,0,000,0f0e0d0c0b0a09080706050403020100,7856341211ccbbaa3412cdab003002f1,0b,ff,000
311,311,0,000,0f0e0d0c0b0a09080706050403020100,7856341211ccbbaa3412cdab003002f1,0b,ff,000
312,312,0,000,0f0e0d0c0b0a09080706050403020100,7856341211ccbbaa3412cdab003002f1,0b,ff,000
313,313,0,000,0f0e0d0c0b0a09080706050403020100,7856341211ccbbaa3412cdab003002f1,0b,ff,000
314,314,0,000,0f0e0d0c0b0a09080706050403020100,7856341211ccbbaa3412cdab003002f1,0b,ff,000
315,315,0,000,0f0e0d0c0b0a09080706050403020100,7856341211ccbbaa3412cdab003002f1,0b,ff,000
316,316,0,000,0f0e0d0c0b0a09080706050403020100,7856341211ccbbaa3412cdab003002f1,0b,ff,000
317,317,0,000,0f0e0d0c0b0a09080706050403020100,7856341211ccbbaa3412cdab003002f1,0b,ff,000
318,318,0,000,0f0e0d0c0b0a09080706050403020100,7856341211ccbbaa3412cdab003002f1,0b,ff,000
319,319,0,000,0f0e0d0c0b0a09080706050403020100,7856341211ccbbaa3412cdab003002f1,0b,ff,000
320,320,0,000,0f0e0d0c0b0a09080706050403020100,7856341211ccbbaa3412cdab003002f1,0b,ff,000
321,321,0,000,0f0e0d0c0b0a09080706050403020100,7856341211ccbbaa3412cdab003002f1,0b,ff,000
322,322,0,000,0f0e0d0c0b0a09080706050403020100,7856341211ccbbaa3412cdab003002f1,0b,ff,000
323,323,0,000,0f0e0d0c0b0a09080706050403020100,7856341211ccbbaa3412cdab003002f1,0b,ff,000
324,324,0,000,0f0e0d0c0b0a09080706050403020100,7856341211ccbbaa3412cdab003002f1,0b,ff,000
325,325,0,000,0f0e0d0c0b0a09080706050403020100,7856341211ccbbaa3412cdab003002f1,0b,ff,000
326,326,0,000,0f0e0d0c0b0a09080706050403020100,7856341211ccbbaa3412cdab003002f1,0b,ff,000
327,327,0,000,0f0e0d0c0b0a09080706050403020100,7856341211ccbbaa3412cdab003002f1,0b,ff,000
328,328,0,000,0f0e0d0c0b0a09080706050403020100,7856341211ccbbaa3412cdab003002f1,0b,ff,000
329,329,0,000,0f0e0d0c0b0a09080706050403020100,7856341211ccbbaa3412cdab003002f1,0b,ff,000
330,330,0,000,0f0e0d0c0b0a09080706050403020100,7856341211ccbbaa3412cdab003002f1,0b,ff,000
331,331,0,000,0f0e0d0c0b0a09080706050403020100,7856341211ccbbaa3412cdab003002f1,0b,ff,000
332,332,0,000,0f0e0d0c0b0a09080706050403020100,7856341211ccbbaa3412cdab003002f1,0b,ff,000
333,333,0,000,0f0e0d0c0b0a09080706050403020100,7856341211ccbbaa3412cdab003002f1,0b,ff,000
334,334,0,000,0f0e0d0c0b0a09080706050403020100,7856341211ccbbaa3412cdab003002f1,0b,ff,000
335,335,0,000,0f0e0d0c0b0a09080706050403020100,7856341211ccbbaa3412cdab003002f1,0b,ff,000
336,336,0,000,0f0e0d0c0b0a09080706050403020100,7856341211ccbbaa3412cdab003002f1,0b,ff,000
337,337,0,000,0f0e0d0c0b0a09080706050403020100,7856341211ccbbaa3412cdab003002f1,0b,ff,000
338,338,0,000,0f0e0d0c0b0a09080706050403020100,7856341211ccbbaa3412cdab003002f1,0b,ff,000
339,339,0,000,0f0e0d0c0b0a09080706050403020100,7856341211ccbbaa3412cdab003002f1,0b,ff,000
340,340,0,000,0f0e0d0c0b0a09080706050403020100,7856341211ccbbaa3412cdab003002f1,0b,ff,000
341,341,0,000,0f0e0d0c0b0a09080706050403020100,7856341211ccbbaa3412cdab003002f1,0b,ff,000
342,342,0,000,0f0e0d0c0b0a09080706050403020100,7856341211ccbbaa3412cdab003002f1,0b,ff,000
343,343,0,000,0f0e0d0c0b0a09080706050403020100,7856341211ccbbaa3412cdab003002f1,0b,ff,000
344,344,0,000,0f0e0d0c0b0a09080706050403020100,7856341211ccbbaa3412cdab003002f1,0b,ff,000
345,345,0,000,0f0e0d0c0b0a09080706050403020100,7856341211ccbbaa3412cdab003002f1,0b,ff,000
346,346,0,000,0f0e0d0c0b0a09080706050403020100,7856341211ccbbaa3412cdab003002f1,0b,ff,000
347,347,0,000,0f0e0d0c0b0a09080706050403020100,7856341211ccbbaa3412cdab003002f1,0b,ff,000
348,348,0,000,0f0e0d0c0b0a09080706050403020100,7856341211ccbbaa3412cdab003002f1,0b,ff,000
349,349,0,000,0f0e0d0c0b0a09080706050403020100,7856341211ccbbaa3412cdab003002f1,0b,ff,000
350,350,0,000,0f0e0d0c0b0a09080706050403020100,7856341211ccbbaa3412cdab003002f1,0b,ff,000
351,351,0,000,0f0e0d0c0b0a09080706050403020100,7856341211ccbbaa3412cdab003002f1,0b,ff,000
352,352,0,000,0f0e0d0c0b0a09080706050403020100,7856341211ccbbaa3412cdab003002f1,0b,ff,000
353,353,0,000,0f0e0d0c0b0a09080706050403020100,7856341211ccbbaa3412cdab003002f1,0b,ff,000
354,354,0,000,0f0e0d0c0b0a09080706050403020100,7856341211ccbbaa3412cdab003002f1,0b,ff,000
355,355,0,000,0f0e0d0c0b0a09080706050403020100,7856341211ccbbaa3412cdab003002f1,0b,ff,000
356,356,0,000,0f0e0d0c0b0a09080706050403020100,7856341211ccbbaa3412cdab003002f1,0b,ff,000
357,357,0,000,0f0e0d0c0b0a09080706050403020100,7856341211ccbbaa3412cdab003002f1,0b,ff,000
358,358,0,000,0f0e0d0c0b0a09080706050403020100,7856341211ccbbaa3412cdab003002f1,0b,ff,000
359,359,0,000,0f0e0d0c0b0a09080706050403020100,7856341211ccbbaa3412cdab003002f1,0b,ff,000
360,360,0,000,0f0e0d0c0b0a09080706050403020100,7856341211ccbbaa3412cdab003002f1,0b,ff,000
361,361,0,000,0f0e0d0c0b0a09080706050403020100,7856341211ccbbaa3412cdab003002f1,0b,ff,000
362,362,0,000,0f0e0d0c0b0a09080706050403020100,7856341211ccbbaa3412cdab003002f1,0b,ff,000
363,363,0,000,0f0e0d0c0b0a09080706050403020100,7856341211ccbbaa3412cdab003002f1,0b,ff,000
364,364,0,000,0f0e0d0c0b0a09080706050403020100,7856341211ccbbaa3412cdab003002f1,0b,ff,000
365,365,0,000,0f0e0d0c0b0a09080706050403020100,7856341211ccbbaa3412cdab003002f1,0b,ff,000
366,366,0,000,0f0e0d0c0b0a09080706050403020100,7856341211ccbbaa3412cdab003002f1,0b,ff,000
367,367,0,000,0f0e0d0c0b0a09080706050403020100,7856341211ccbbaa3412cdab003002f1,0b,ff,000
368,368,0,000,0f0e0d0c0b0a09080706050403020100,7856341211ccbbaa3412cdab003002f1,0b,ff,000
369,369,0,000,0f0e0d0c0b0a09080706050403020100,7856341211ccbbaa3412cdab003002f1,0b,ff,000
370,370,0,000,0f0e0d0c0b0a09080706050403020100,7856341211ccbbaa3412cdab003002f1,0b,ff,000
371,371,0,000,0f0e0d0c0b0a09080706050403020100,7856341211ccbbaa3412cdab003002f1,0b,ff,000
372,372,0,000,0f0e0d0c0b0a09080706050403020100,7856341211ccbbaa3412cdab003002f1,0b,ff,000
373,373,0,000,0f0e0d0c0b0a09080706050403020100,7856341211ccbbaa3412cdab003002f1,0b,ff,000
374,374,0,000,0f0e0d0c0b0a09080706050403020100,7856341211ccbbaa3412cdab003002f1,0b,ff,000
375,375,0,000,0f0e0d0c0b0a09080706050403020100,7856341211ccbbaa3412cdab003002f1,0b,ff,000
376,376,0,000,0f0e0d0c0b0a09080706050403020100,7856341211ccbbaa3412cdab003002f1,0b,ff,000
377,377,0,000,0f0e0d0c0b0a09080706050403020100,7856341211ccbbaa3412cdab003002f1,0b,ff,000
378,378,0,000,0f0e0d0c0b0a09080706050403020100,7856341211ccbbaa3412cdab003002f1,0b,ff,000
379,379,0,000,0f0e0d0c0b0a09080706050403020100,7856341211ccbbaa3412cdab003002f1,0b,ff,000
380,380,0,000,0f0e0d0c0b0a09080706050403020100,7856341211ccbbaa3412cdab003002f1,0b,ff,000
381,381,0,000,0f0e0d0c0b0a09080706050403020100,7856341211ccbbaa3412cdab003002f1,0b,ff,000
382,382,0,000,0f0e0d0c0b0a09080706050403020100,7856341211ccbbaa3412cdab003002f1,0b,ff,000
383,383,0,000,0f0e0d0c0b0a09080706050403020100,7856341211ccbbaa3412cdab003002f1,0b,ff,000
384,384,0,000,0f0e0d0c0b0a09080706050403020100,7856341211ccbbaa3412cdab003002f1,0b,ff,000
385,385,0,000,0f0e0d0c0b0a09080706050403020100,7856341211ccbbaa3412cdab003002f1,0b,ff,000
386,386,0,000,0f0e0d0c0b0a09080706050403020100,7856341211ccbbaa3412cdab003002f1,0b,ff,000
387,387,0,000,0f0e0d0c0b0a09080706050403020100,7856341211ccbbaa3412cdab003002f1,0b,ff,000
388,388,0,000,0f0e0d0c0b0a09080706050403020100,7856341211ccbbaa3412cdab003002f1,0b,ff,000
389,389,0,000,0f0e0d0c0b0a09080706050403020100,7856341211ccbbaa3412cdab003002f1,0b,ff,000
390,390,0,000,0f0e0d0c0b0a09080706050403020100,7856341211ccbbaa3412cdab003002f1,0b,ff,000
391,391,0,000,0f0e0d0c0b0a09080706050403020100,7856341211ccbbaa3412cdab003002f1,0b,ff,000
392,392,0,000,0f0e0d0c0b0a09080706050403020100,7856341211ccbbaa3412cdab003002f1,0b,ff,000
393,393,0,000,0f0e0d0c0b0a09080706050403020100,7856341211ccbbaa3412cdab003002f1,0b,ff,000
394,394,0,000,0f0e0d0c0b0a09080706050403020100,7856341211ccbbaa3412cdab003002f1,0b,ff,000
395,395,0,000,0f0e0d0c0b0a09080706050403020100,7856341211ccbbaa3412cdab003002f1,0b,ff,000
396,396,0,000,0f0e0d0c0b0a09080706050403020100,7856341211ccbbaa3412cdab003002f1,0b,ff,000
397,397,0,000,0f0e0d0c0b0a09080706050403020100,7856341211ccbbaa3412cdab003002f1,0b,ff,000
398,398,0,000,0f0e0d0c0b0a09080706050403020100,7856341211ccbbaa3412cdab003002f1,0b,ff,000
399,399,0,000,0f0e0d0c0b0a09080706050403020100,7856341211ccbbaa3412cdab003002f1,0b,ff,000
400,400,0,000,0f0e0d0c0b0a09080706050403020100,7856341211ccbbaa3412cdab003002f1,0b,ff,000
401,401,0,000,0f0e0d0c0b0a09080706050403020100,7856341211ccbbaa3412cdab003002f1,0b,ff,000
402,402,0,000,0f0e0d0c0b0a09080706050403020100,7856341211ccbbaa3412cdab003002f1,0b,ff,000
403,403,0,000,0f0e0d0c0b0a09080706050403020100,7856341211ccbbaa3412cdab003002f1,0b,ff,000
404,404,0,000,0f0e0d0c0b0a09080706050403020100,7856341211ccbbaa3412cdab003002f1,0b,ff,000
405,405,0,000,0f0e0d0c0b0a09080706050403020100,7856341211ccbbaa3412cdab003002f1,0b,ff,000
406,406,0,000,0f0e0d0c0b0a09080706050403020100,7856341211ccbbaa3412cdab003002f1,0b,ff,000
407,407,0,000,0f0e0d0c0b0a09080706050403020100,7856341211ccbbaa3412cdab003002f1,0b,ff,000
408,408,0,000,0f0e0d0c0b0a09080706050403020100,7856341211ccbbaa3412cdab003002f1,0b,ff,000
409,409,0,000,0f0e0d0c0b0a09080706050403020100,7856341211ccbbaa3412cdab003002f1,0b,ff,000
410,410,0,000,0f0e0d0c0b0a09080706050403020100,7856341211ccbbaa3412cdab003002f1,0b,ff,000
411,411,0,000,0f0e0d0c0b0a09080706050403020100,7856341211ccbbaa3412cdab003002f1,0b,ff,000
412,412,0,000,0f0e0d0c0b0a09080706050403020100,7856341211ccbbaa3412cdab003002f1,0b,ff,000
413,413,0,000,0f0e0d0c0b0a09080706050403020100,7856341211ccbbaa3412cdab003002f1,0b,ff,000
414,414,0,000,0f0e0d0c0b0a09080706050403020100,7856341211ccbbaa3412cdab003002f1,0b,ff,000
415,415,0,000,0f0e0d0c0b0a09080706050403020100,7856341211ccbbaa3412cdab003002f1,0b,ff,000
416,416,0,000,0f0e0d0c0b0a09080706050403020100,7856341211ccbbaa3412cdab003002f1,0b,ff,000
417,417,0,000,0f0e0d0c0b0a09080706050403020100,7856341211ccbbaa3412cdab003002f1,0b,ff,000
418,418,0,000,0f0e0d0c0b0a09080706050403020100,7856341211ccbbaa3412cdab003002f1,0b,ff,000
419,419,0,000,0f0e0d0c0b0a09080706050403020100,7856341211ccbbaa3412cdab003002f1,0b,ff,000
420,420,0,000,0f0e0d0c0b0a09080706050403020100,7856341211ccbbaa3412cdab003002f1,0b,ff,000
421,421,0,000,0f0e0d0c0b0a09080706050403020100,7856341211ccbbaa3412cdab003002f1,0b,ff,000
422,422,0,000,0f0e0d0c0b0a09080706050403020100,7856341211ccbbaa3412cdab003002f1,0b,ff,000
423,423,0,000,0f0e0d0c0b0a09080706050403020100,7856341211ccbbaa3412cdab003002f1,0b,ff,000
424,424,0,000,0f0e0d0c0b0a09080706050403020100,7856341211ccbbaa3412cdab003002f1,0b,ff,000
425,425,0,000,0f0e0d0c0b0a09080706050403020100,7856341211ccbbaa3412cdab003002f1,0b,ff,000
426,426,0,000,0f0e0d0c0b0a09080706050403020100,7856341211ccbbaa3412cdab003002f1,0b,ff,000
427,427,0,000,0f0e0d0c0b0a09080706050403020100,7856341211ccbbaa3412cdab003002f1,0b,ff,000
428,428,0,000,0f0e0d0c0b0a09080706050403020100,7856341211ccbbaa3412cdab003002f1,0b,ff,000
429,429,0,000,0f0e0d0c0b0a09080706050403020100,7856341211ccbbaa3412cdab003002f1,0b,ff,000
430,430,0,000,0f0e0d0c0b0a09080706050403020100,7856341211ccbbaa3412cdab003002f1,0b,ff,000
431,431,0,000,0f0e0d0c0b0a09080706050403020100,7856341211ccbbaa3412cdab003002f1,0b,ff,000
432,432,0,000,0f0e0d0c0b0a09080706050403020100,7856341211ccbbaa3412cdab003002f1,0b,ff,000
433,433,0,000,0f0e0d0c0b0a09080706050403020100,7856341211ccbbaa3412cdab003002f1,0b,ff,000
434,434,0,000,0f0e0d0c0b0a09080706050403020100,7856341211ccbbaa3412cdab003002f1,0b,ff,000
435,435,0,000,0f0e0d0c0b0a09080706050403020100,7856341211ccbbaa3412cdab003002f1,0b,ff,000
436,436,0,000,0f0e0d0c0b0a09080706050403020100,7856341211ccbbaa3412cdab003002f1,0b,ff,000
437,437,0,000,0f0e0d0c0b0a09080706050403020100,7856341211ccbbaa3412cdab003002f1,0b,ff,000
438,438,0,000,0f0e0d0c0b0a09080706050403020100,7856341211ccbbaa3412cdab003002f1,0b,ff,000
439,439,0,000,0f0e0d0c0b0a09080706050403020100,7856341211ccbbaa3412cdab003002f1,0b,ff,000
440,440,0,000,0f0e0d0c0b0a09080706050403020100,7856341211ccbbaa3412cdab003002f1,0b,ff,000
441,441,0,000,0f0e0d0c0b0a09080706050403020100,7856341211ccbbaa3412cdab003002f1,0b,ff,000
442,442,0,000,0f0e0d0c0b0a09080706050403020100,7856341211ccbbaa3412cdab003002f1,0b,ff,000
443,443,0,000,0f0e0d0c0b0a09080706050403020100,7856341211ccbbaa3412cdab003002f1,0b,ff,000
444,444,0,000,0f0e0d0c0b0a09080706050403020100,7856341211ccbbaa3412cdab003002f1,0b,ff,000
445,445,0,000,0f0e0d0c0b0a09080706050403020100,7856341211ccbbaa3412cdab003002f1,0b,ff,000
446,446,0,000,0f0e0d0c0b0a09080706050403020100,7856341211ccbbaa3412cdab003002f1,0b,ff,000
447,447,0,000,0f0e0d0c0b0a09080706050403020100,7856341211ccbbaa3412cdab003002f1,0b,ff,000
448,448,0,000,0f0e0d0c0b0a09080706050403020100,7856341211ccbbaa3412cdab003002f1,0b,ff,000
449,449,0,000,0f0e0d0c0b0a09080706050403020100,7856341211ccbbaa3412cdab003002f1,0b,ff,000
450,450,0,000,0f0e0d0c0b0a09080706050403020100,7856341211ccbbaa3412cdab003002f1,0b,ff,000
451,451,0,000,0f0e0d0c0b0a09080706050403020100,7856341211ccbbaa3412cdab003002f1,0b,ff,000
452,452,0,000,0f0e0d0c0b0a09080706050403020100,7856341211ccbbaa3412cdab003002f1,0b,ff,000
453,453,0,000,0f0e0d0c0b0a09080706050403020100,7856341211ccbbaa3412cdab003002f1,0b,ff,000
454,454,0,000,0f0e0d0c0b0a09080706050403020100,7856341211ccbbaa3412cdab003002f1,0b,ff,000
455,455,0,000,0f0e0d0c0b0a09080706050403020100,7856341211ccbbaa3412cdab003002f1,0b,ff,000
456,456,0,000,0f0e0d0c0b0a09080706050403020100,7856341211ccbbaa3412cdab003002f1,0b,ff,000
457,457,0,000,0f0e0d0c0b0a09080706050403020100,7856341211ccbbaa3412cdab003002f1,0b,ff,000
458,458,0,000,0f0e0d0c0b0a09080706050403020100,7856341211ccbbaa3412cdab003002f1,0b,ff,000
459,459,0,000,0f0e0d0c0b0a09080706050403020100,7856341211ccbbaa3412cdab003002f1,0b,ff,000
460,460,0,000,0f0e0d0c0b0a09080706050403020100,7856341211ccbbaa3412cdab003002f1,0b,ff,000
461,461,0,000,0f0e0d0c0b0a09080706050403020100,7856341211ccbbaa3412cdab003002f1,0b,ff,000
462,462,0,000,0f0e0d0c0b0a09080706050403020100,7856341211ccbbaa3412cdab003002f1,0b,ff,000
463,463,0,000,0f0e0d0c0b0a09080706050403020100,7856341211ccbbaa3412cdab003002f1,0b,ff,000
464,464,0,000,0f0e0d0c0b0a09080706050403020100,7856341211ccbbaa3412cdab003002f1,0b,ff,000
465,465,0,000,0f0e0d0c0b0a09080706050403020100,7856341211ccbbaa3412cdab003002f1,0b,ff,000
466,466,0,000,0f0e0d0c0b0a09080706050403020100,7856341211ccbbaa3412cdab003002f1,0b,ff,000
467,467,0,000,0f0e0d0c0b0a09080706050403020100,7856341211ccbbaa3412cdab003002f1,0b,ff,000
468,468,0,000,0f0e0d0c0b0a09080706050403020100,7856341211ccbbaa3412cdab003002f1,0b,ff,000
469,469,0,000,0f0e0d0c0b0a09080706050403020100,7856341211ccbbaa3412cdab003002f1,0b,ff,000
470,470,0,000,0f0e0d0c0b0a09080706050403020100,7856341211ccbbaa3412cdab003002f1,0b,ff,000
471,471,0,000,0f0e0d0c0b0a09080706050403020100,7856341211ccbbaa3412cdab003002f1,0b,ff,000
472,472,0,000,0f0e0d0c0b0a09080706050403020100,7856341211ccbbaa3412cdab003002f1,0b,ff,000
473,473,0,000,0f0e0d0c0b0a09080706050403020100,7856341211ccbbaa3412cdab003002f1,0b,ff,000
474,474,0,000,0f0e0d0c0b0a09080706050403020100,7856341211ccbbaa3412cdab003002f1,0b,ff,000
475,475,0,000,0f0e0d0c0b0a09080706050403020100,7856341211ccbbaa3412cdab003002f1,0b,ff,000
476,476,0,000,0f0e0d0c0b0a09080706050403020100,7856341211ccbbaa3412cdab003002f1,0b,ff,000
477,477,0,000,0f0e0d0c0b0a09080706050403020100,7856341211ccbbaa3412cdab003002f1,0b,ff,000
478,478,0,000,0f0e0d0c0b0a09080706050403020100,7856341211ccbbaa3412cdab003002f1,0b,ff,000
479,479,0,000,0f0e0d0c0b0a09080706050403020100,7856341211ccbbaa3412cdab003002f1,0b,ff,000
480,480,0,000,0f0e0d0c0b0a09080706050403020100,7856341211ccbbaa3412cdab003002f1,0b,ff,000
481,481,0,000,0f0e0d0c0b0a09080706050403020100,7856341211ccbbaa3412cdab003002f1,0b,ff,000
482,482,0,000,0f0e0d0c0b0a09080706050403020100,7856341211ccbbaa3412cdab003002f1,0b,ff,000
483,483,0,000,0f0e0d0c0b0a09080706050403020100,7856341211ccbbaa3412cdab003002f1,0b,ff,000
484,484,0,000,0f0e0d0c0b0a09080706050403020100,7856341211ccbbaa3412cdab003002f1,0b,ff,000
485,485,0,000,0f0e0d0c0b0a09080706050403020100,7856341211ccbbaa3412cdab003002f1,0b,ff,000
486,486,0,000,0f0e0d0c0b0a09080706050403020100,7856341211ccbbaa3412cdab003002f1,0b,ff,000
487,487,0,000,0f0e0d0c0b0a09080706050403020100,7856341211ccbbaa3412cdab003002f1,0b,ff,000
488,488,0,000,0f0e0d0c0b0a09080706050403020100,7856341211ccbbaa3412cdab003002f1,0b,ff,000
489,489,0,000,0f0e0d0c0b0a09080706050403020100,7856341211ccbbaa3412cdab003002f1,0b,ff,000
490,490,0,000,0f0e0d0c0b0a09080706050403020100,7856341211ccbbaa3412cdab003002f1,0b,ff,000
491,491,0,000,0f0e0d0c0b0a09080706050403020100,7856341211ccbbaa3412cdab003002f1,0b,ff,000
492,492,0,000,0f0e0d0c0b0a09080706050403020100,7856341211ccbbaa3412cdab003002f1,0b,ff,000
493,493,0,000,0f0e0d0c0b0a09080706050403020100,7856341211ccbbaa3412cdab003002f1,0b,ff,000
494,494,0,000,0f0e0d0c0b0a09080706050403020100,7856341211ccbbaa3412cdab003002f1,0b,ff,000
495,495,0,000,0f0e0d0c0b0a09080706050403020100,7856341211ccbbaa3412cdab003002f1,0b,ff,000
496,496,0,000,0f0e0d0c0b0a09080706050403020100,7856341211ccbbaa3412cdab003002f1,0b,ff,000
497,497,0,000,0f0e0d0c0b0a09080706050403020100,7856341211ccbbaa3412cdab003002f1,0b,ff,000
498,498,0,000,0f0e0d0c0b0a09080706050403020100,7856341211ccbbaa3412cdab003002f1,0b,ff,000
499,499,0,000,0f0e0d0c0b0a09080706050403020100,7856341211ccbbaa3412cdab003002f1,0b,ff,000
500,500,0,000,0f0e0d0c0b0a09080706050403020100,7856341211ccbbaa3412cdab003002f1,0b,ff,000
501,501,0,000,0f0e0d0c0b0a09080706050403020100,7856341211ccbbaa3412cdab003002f1,0b,ff,000
502,502,0,000,0f0e0d0c0b0a09080706050403020100,7856341211ccbbaa3412cdab003002f1,0b,ff,000
503,503,0,000,0f0e0d0c0b0a09080706050403020100,7856341211ccbbaa3412cdab003002f1,0b,ff,000
504,504,0,000,0f0e0d0c0b0a09080706050403020100,7856341211ccbbaa3412cdab003002f1,0b,ff,000
505,505,0,000,0f0e0d0c0b0a09080706050403020100,7856341211ccbbaa3412cdab003002f1,0b,ff,000
506,506,0,000,0f0e0d0c0b0a09080706050403020100,7856341211ccbbaa3412cdab003002f1,0b,ff,000
507,507,0,000,0f0e0d0c0b0a09080706050403020100,7856341211ccbbaa3412cdab003002f1,0b,ff,000
508,508,0,000,0f0e0d0c0b0a09080706050403020100,7856341211ccbbaa3412cdab003002f1,0b,ff,000
509,509,0,000,0f0e0d0c0b0a09080706050403020100,7856341211ccbbaa3412cdab003002f1,0b,ff,000
510,510,0,000,0f0e0d0c0b0a09080706050403020100,7856341211ccbbaa3412cdab003002f1,0b,ff,000
511,511,0,000,0f0e0d0c0b0a09080706050403020100,7856341211ccbbaa3412cdab003002f1,0b,ff,000
512,512,0,000,0f0e0d0c0b0a09080706050403020100,7856341211ccbbaa3412cdab003002f1,0b,ff,000
513,513,0,000,0f0e0d0c0b0a09080706050403020100,7856341211ccbbaa3412cdab003002f1,0b,ff,000
514,514,0,000,0f0e0d0c0b0a09080706050403020100,7856341211ccbbaa3412cdab003002f1,0b,ff,000
515,515,0,000,0f0e0d0c0b0a09080706050403020100,7856341211ccbbaa3412cdab003002f1,0b,ff,000
516,516,0,000,0f0e0d0c0b0a09080706050403020100,7856341211ccbbaa3412cdab003002f1,0b,ff,000
517,517,0,000,0f0e0d0c0b0a09080706050403020100,7856341211ccbbaa3412cdab003002f1,0b,ff,000
518,518,0,000,0f0e0d0c0b0a09080706050403020100,7856341211ccbbaa3412cdab003002f1,0b,ff,000
519,519,0,000,0f0e0d0c0b0a09080706050403020100,7856341211ccbbaa3412cdab003002f1,0b,ff,000
520,520,0,000,0f0e0d0c0b0a09080706050403020100,7856341211ccbbaa3412cdab003002f1,0b,ff,000
521,521,0,000,0f0e0d0c0b0a09080706050403020100,7856341211ccbbaa3412cdab003002f1,0b,ff,000
522,522,0,000,0f0e0d0c0b0a09080706050403020100,7856341211ccbbaa3412cdab003002f1,0b,ff,000
523,523,0,000,0f0e0d0c0b0a09080706050403020100,7856341211ccbbaa3412cdab003002f1,0b,ff,000
524,524,0,000,0f0e0d0c0b0a09080706050403020100,7856341211ccbbaa3412cdab003002f1,0b,ff,000
525,525,0,000,0f0e0d0c0b0a09080706050403020100,7856341211ccbbaa3412cdab003002f1,0b,ff,000
526,526,0,000,0f0e0d0c0b0a09080706050403020100,7856341211ccbbaa3412cdab003002f1,0b,ff,000
527,527,0,000,0f0e0d0c0b0a09080706050403020100,7856341211ccbbaa3412cdab003002f1,0b,ff,000
528,528,0,000,0f0e0d0c0b0a09080706050403020100,7856341211ccbbaa3412cdab003002f1,0b,ff,000
529,529,0,000,0f0e0d0c0b0a09080706050403020100,7856341211ccbbaa3412cdab003002f1,0b,ff,000
530,530,0,000,0f0e0d0c0b0a09080706050403020100,7856341211ccbbaa3412cdab003002f1,0b,ff,000
531,531,0,000,0f0e0d0c0b0a09080706050403020100,7856341211ccbbaa3412cdab003002f1,0b,ff,000
532,532,0,000,0f0e0d0c0b0a09080706050403020100,7856341211ccbbaa3412cdab003002f1,0b,ff,000
533,533,0,000,0f0e0d0c0b0a09080706050403020100,7856341211ccbbaa3412cdab003002f1,0b,ff,000
534,534,0,000,0f0e0d0c0b0a09080706050403020100,7856341211ccbbaa3412cdab003002f1,0b,ff,000
535,535,0,000,0f0e0d0c0b0a09080706050403020100,7856341211ccbbaa3412cdab003002f1,0b,ff,000
536,536,0,000,0f0e0d0c0b0a09080706050403020100,7856341211ccbbaa3412cdab003002f1,0b,ff,000
537,537,0,000,0f0e0d0c0b0a09080706050403020100,7856341211ccbbaa3412cdab003002f1,0b,ff,000
538,538,0,000,0f0e0d0c0b0a09080706050403020100,7856341211ccbbaa3412cdab003002f1,0b,ff,000
539,539,0,000,0f0e0d0c0b0a09080706050403020100,7856341211ccbbaa3412cdab003002f1,0b,ff,000
540,540,0,000,0f0e0d0c0b0a09080706050403020100,7856341211ccbbaa3412cdab003002f1,0b,ff,000
541,541,0,000,0f0e0d0c0b0a09080706050403020100,7856341211ccbbaa3412cdab003002f1,0b,ff,000
542,542,0,000,0f0e0d0c0b0a09080706050403020100,7856341211ccbbaa3412cdab003002f1,0b,ff,000
543,543,0,000,0f0e0d0c0b0a09080706050403020100,7856341211ccbbaa3412cdab003002f1,0b,ff,000
544,544,0,000,0f0e0d0c0b0a09080706050403020100,7856341211ccbbaa3412cdab003002f1,0b,ff,000
545,545,0,000,0f0e0d0c0b0a09080706050403020100,7856341211ccbbaa3412cdab003002f1,0b,ff,000
546,546,0,000,0f0e0d0c0b0a09080706050403020100,7856341211ccbbaa3412cdab003002f1,0b,ff,000
547,547,0,000,0f0e0d0c0b0a09080706050403020100,7856341211ccbbaa3412cdab003002f1,0b,ff,000
548,548,0,000,0f0e0d0c0b0a09080706050403020100,7856341211ccbbaa3412cdab003002f1,0b,ff,000
549,549,0,000,0f0e0d0c0b0a09080706050403020100,7856341211ccbbaa3412cdab003002f1,0b,ff,000
550,550,0,000,0f0e0d0c0b0a09080706050403020100,7856341211ccbbaa3412cdab003002f1,0b,ff,000
551,551,0,000,0f0e0d0c0b0a09080706050403020100,7856341211ccbbaa3412cdab003002f1,0b,ff,000
552,552,0,000,0f0e0d0c0b0a09080706050403020100,7856341211ccbbaa3412cdab003002f1,0b,ff,000
553,553,0,000,0f0e0d0c0b0a09080706050403020100,7856341211ccbbaa3412cdab003002f1,0b,ff,000
554,554,0,000,0f0e0d0c0b0a09080706050403020100,7856341211ccbbaa3412cdab003002f1,0b,ff,000
555,555,0,000,0f0e0d0c0b0a09080706050403020100,7856341211ccbbaa3412cdab003002f1,0b,ff,000
556,556,0,000,0f0e0d0c0b0a09080706050403020100,7856341211ccbbaa3412cdab003002f1,0b,ff,000
557,557,0,000,0f0e0d0c0b0a09080706050403020100,7856341211ccbbaa3412cdab003002f1,0b,ff,000
558,558,0,000,0f0e0d0c0b0a09080706050403020100,7856341211ccbbaa3412cdab003002f1,0b,ff,000
559,559,0,000,0f0e0d0c0b0a09080706050403020100,7856341211ccbbaa3412cdab003002f1,0b,ff,000
560,560,0,000,0f0e0d0c0b0a09080706050403020100,7856341211ccbbaa3412cdab003002f1,0b,ff,000
561,561,0,000,0f0e0d0c0b0a09080706050403020100,7856341211ccbbaa3412cdab003002f1,0b,ff,000
562,562,0,000,0f0e0d0c0b0a09080706050403020100,7856341211ccbbaa3412cdab003002f1,0b,ff,000
563,563,0,000,0f0e0d0c0b0a09080706050403020100,7856341211ccbbaa3412cdab003002f1,0b,ff,000
564,564,0,000,0f0e0d0c0b0a09080706050403020100,7856341211ccbbaa3412cdab003002f1,0b,ff,000
565,565,0,000,0f0e0d0c0b0a09080706050403020100,7856341211ccbbaa3412cdab003002f1,0b,ff,000
566,566,0,000,0f0e0d0c0b0a09080706050403020100,7856341211ccbbaa3412cdab003002f1,0b,ff,000
567,567,0,000,0f0e0d0c0b0a09080706050403020100,7856341211ccbbaa3412cdab003002f1,0b,ff,000
568,568,0,000,0f0e0d0c0b0a09080706050403020100,7856341211ccbbaa3412cdab003002f1,0b,ff,000
569,569,0,000,0f0e0d0c0b0a09080706050403020100,7856341211ccbbaa3412cdab003002f1,0b,ff,000
570,570,0,000,0f0e0d0c0b0a09080706050403020100,7856341211ccbbaa3412cdab003002f1,0b,ff,000
571,571,0,000,0f0e0d0c0b0a09080706050403020100,7856341211ccbbaa3412cdab003002f1,0b,ff,000
572,572,0,000,0f0e0d0c0b0a09080706050403020100,7856341211ccbbaa3412cdab003002f1,0b,ff,000
573,573,0,000,0f0e0d0c0b0a09080706050403020100,7856341211ccbbaa3412cdab003002f1,0b,ff,000
574,574,0,000,0f0e0d0c0b0a09080706050403020100,7856341211ccbbaa3412cdab003002f1,0b,ff,000
575,575,0,000,0f0e0d0c0b0a09080706050403020100,7856341211ccbbaa3412cdab003002f1,0b,ff,000
576,576,0,000,0f0e0d0c0b0a09080706050403020100,7856341211ccbbaa3412cdab003002f1,0b,ff,000
577,577,0,000,0f0e0d0c0b0a09080706050403020100,7856341211ccbbaa3412cdab003002f1,0b,ff,000
578,578,0,000,0f0e0d0c0b0a09080706050403020100,7856341211ccbbaa3412cdab003002f1,0b,ff,000
579,579,0,000,0f0e0d0c0b0a09080706050403020100,7856341211ccbbaa3412cdab003002f1,0b,ff,000
580,580,0,000,0f0e0d0c0b0a09080706050403020100,7856341211ccbbaa3412cdab003002f1,0b,ff,000
581,581,0,000,0f0e0d0c0b0a09080706050403020100,7856341211ccbbaa3412cdab003002f1,0b,ff,000
582,582,0,000,0f0e0d0c0b0a09080706050403020100,7856341211ccbbaa3412cdab003002f1,0b,ff,000
583,583,0,000,0f0e0d0c0b0a09080706050403020100,7856341211ccbbaa3412cdab003002f1,0b,ff,000
584,584,0,000,0f0e0d0c0b0a09080706050403020100,7856341211ccbbaa3412cdab003002f1,0b,ff,000
585,585,0,000,0f0e0d0c0b0a09080706050403020100,7856341211ccbbaa3412cdab003002f1,0b,ff,000
586,586,0,000,0f0e0d0c0b0a09080706050403020100,7856341211ccbbaa3412cdab003002f1,0b,ff,000
587,587,0,000,0f0e0d0c0b0a09080706050403020100,7856341211ccbbaa3412cdab003002f1,0b,ff,000
588,588,0,000,0f0e0d0c0b0a09080706050403020100,7856341211ccbbaa3412cdab003002f1,0b,ff,000
589,589,0,000,0f0e0d0c0b0a09080706050403020100,7856341211ccbbaa3412cdab003002f1,0b,ff,000
590,590,0,000,0f0e0d0c0b0a09080706050403020100,7856341211ccbbaa3412cdab003002f1,0b,ff,000
591,591,0,000,0f0e0d0c0b0a09080706050403020100,7856341211ccbbaa3412cdab003002f1,0b,ff,000
592,592,0,000,0f0e0d0c0b0a09080706050403020100,7856341211ccbbaa3412cdab003002f1,0b,ff,000
593,593,0,000,0f0e0d0c0b0a09080706050403020100,7856341211ccbbaa3412cdab003002f1,0b,ff,000
594,594,0,000,0f0e0d0c0b0a09080706050403020100,7856341211ccbbaa3412cdab003002f1,0b,ff,000
595,595,0,000,0f0e0d0c0b0a09080706050403020100,7856341211ccbbaa3412cdab003002f1,0b,ff,000
596,596,0,000,0f0e0d0c0b0a09080706050403020100,7856341211ccbbaa3412cdab003002f1,0b,ff,000
597,597,0,000,0f0e0d0c0b0a09080706050403020100,7856341211ccbbaa3412cdab003002f1,0b,ff,000
598,598,0,000,0f0e0d0c0b0a09080706050403020100,7856341211ccbbaa3412cdab003002f1,0b,ff,000
599,599,0,000,0f0e0d0c0b0a09080706050403020100,7856341211ccbbaa3412cdab003002f1,0b,ff,000
600,600,0,000,0f0e0d0c0b0a09080706050403020100,7856341211ccbbaa3412cdab003002f1,0b,ff,000
601,601,0,000,0f0e0d0c0b0a09080706050403020100,7856341211ccbbaa3412cdab003002f1,0b,ff,000
602,602,0,000,0f0e0d0c0b0a09080706050403020100,7856341211ccbbaa3412cdab003002f1,0b,ff,000
603,603,0,000,0f0e0d0c0b0a09080706050403020100,7856341211ccbbaa3412cdab003002f1,0b,ff,000
604,604,0,000,0f0e0d0c0b0a09080706050403020100,7856341211ccbbaa3412cdab003002f1,0b,ff,000
605,605,0,000,0f0e0d0c0b0a09080706050403020100,7856341211ccbbaa3412cdab003002f1,0b,ff,000
606,606,0,000,0f0e0d0c0b0a09080706050403020100,7856341211ccbbaa3412cdab003002f1,0b,ff,000
607,607,0,000,0f0e0d0c0b0a09080706050403020100,7856341211ccbbaa3412cdab003002f1,0b,ff,000
608,608,0,000,0f0e0d0c0b0a09080706050403020100,7856341211ccbbaa3412cdab003002f1,0b,ff,000
609,609,0,000,0f0e0d0c0b0a09080706050403020100,7856341211ccbbaa3412cdab003002f1,0b,ff,000
610,610,0,000,0f0e0d0c0b0a09080706050403020100,7856341211ccbbaa3412cdab003002f1,0b,ff,000
611,611,0,000,0f0e0d0c0b0a09080706050403020100,7856341211ccbbaa3412cdab003002f1,0b,ff,000
612,612,0,000,0f0e0d0c0b0a09080706050403020100,7856341211ccbbaa3412cdab003002f1,0b,ff,000
613,613,0,000,0f0e0d0c0b0a09080706050403020100,7856341211ccbbaa3412cdab003002f1,0b,ff,000
614,614,0,000,0f0e0d0c0b0a09080706050403020100,7856341211ccbbaa3412cdab003002f1,0b,ff,000
615,615,0,000,0f0e0d0c0b0a09080706050403020100,7856341211ccbbaa3412cdab003002f1,0b,ff,000
616,616,0,000,0f0e0d0c0b0a09080706050403020100,7856341211ccbbaa3412cdab003002f1,0b,ff,000
617,617,0,000,0f0e0d0c0b0a09080706050403020100,7856341211ccbbaa3412cdab003002f1,0b,ff,000
618,618,0,000,0f0e0d0c0b0a09080706050403020100,7856341211ccbbaa3412cdab003002f1,0b,ff,000
619,619,0,000,0f0e0d0c0b0a09080706050403020100,7856341211ccbbaa3412cdab003002f1,0b,ff,000
620,620,0,000,0f0e0d0c0b0a09080706050403020100,7856341211ccbbaa3412cdab003002f1,0b,ff,000
621,621,0,000,0f0e0d0c0b0a09080706050403020100,7856341211ccbbaa3412cdab003002f1,0b,ff,000
622,622,0,000,0f0e0d0c0b0a09080706050403020100,7856341211ccbbaa3412cdab003002f1,0b,ff,000
623,623,0,000,0f0e0d0c0b0a09080706050403020100,7856341211ccbbaa3412cdab003002f1,0b,ff,000
624,624,0,000,0f0e0d0c0b0a09080706050403020100,7856341211ccbbaa3412cdab003002f1,0b,ff,000
625,625,0,000,0f0e0d0c0b0a09080706050403020100,7856341211ccbbaa3412cdab003002f1,0b,ff,000
626,626,0,000,0f0e0d0c0b0a09080706050403020100,7856341211ccbbaa3412cdab003002f1,0b,ff,000
627,627,0,000,0f0e0d0c0b0a09080706050403020100,7856341211ccbbaa3412cdab003002f1,0b,ff,000
628,628,0,000,0f0e0d0c0b0a09080706050403020100,7856341211ccbbaa3412cdab003002f1,0b,ff,000
629,629,0,000,0f0e0d0c0b0a09080706050403020100,7856341211ccbbaa3412cdab003002f1,0b,ff,000
630,630,0,000,0f0e0d0c0b0a09080706050403020100,7856341211ccbbaa3412cdab003002f1,0b,ff,000
631,631,0,000,0f0e0d0c0b0a09080706050403020100,7856341211ccbbaa3412cdab003002f1,0b,ff,000
632,632,0,000,0f0e0d0c0b0a09080706050403020100,7856341211ccbbaa3412cdab003002f1,0b,ff,000
633,633,0,000,0f0e0d0c0b0a09080706050403020100,7856341211ccbbaa3412cdab003002f1,0b,ff,000
634,634,0,000,0f0e0d0c0b0a09080706050403020100,7856341211ccbbaa3412cdab003002f1,0b,ff,000
635,635,0,000,0f0e0d0c0b0a09080706050403020100,7856341211ccbbaa3412cdab003002f1,0b,ff,000
636,636,0,000,0f0e0d0c0b0a09080706050403020100,7856341211ccbbaa3412cdab003002f1,0b,ff,000
637,637,0,000,0f0e0d0c0b0a09080706050403020100,7856341211ccbbaa3412cdab003002f1,0b,ff,000
638,638,0,000,0f0e0d0c0b0a09080706050403020100,7856341211ccbbaa3412cdab003002f1,0b,ff,000
639,639,0,000,0f0e0d0c0b0a09080706050403020100,7856341211ccbbaa3412cdab003002f1,0b,ff,000
640,640,0,000,0f0e0d0c0b0a09080706050403020100,7856341211ccbbaa3412cdab003002f1,0b,ff,000
641,641,0,000,0f0e0d0c0b0a09080706050403020100,7856341211ccbbaa3412cdab003002f1,0b,ff,000
642,642,0,000,0f0e0d0c0b0a09080706050403020100,7856341211ccbbaa3412cdab003002f1,0b,ff,000
643,643,0,000,0f0e0d0c0b0a09080706050403020100,7856341211ccbbaa3412cdab003002f1,0b,ff,000
644,644,0,000,0f0e0d0c0b0a09080706050403020100,7856341211ccbbaa3412cdab003002f1,0b,ff,000
645,645,0,000,0f0e0d0c0b0a09080706050403020100,7856341211ccbbaa3412cdab003002f1,0b,ff,000
646,646,0,000,0f0e0d0c0b0a09080706050403020100,7856341211ccbbaa3412cdab003002f1,0b,ff,000
647,647,0,000,0f0e0d0c0b0a09080706050403020100,7856341211ccbbaa3412cdab003002f1,0b,ff,000
648,648,0,000,0f0e0d0c0b0a09080706050403020100,7856341211ccbbaa3412cdab003002f1,0b,ff,000
649,649,0,000,0f0e0d0c0b0a09080706050403020100,7856341211ccbbaa3412cdab003002f1,0b,ff,000
650,650,0,000,0f0e0d0c0b0a09080706050403020100,7856341211ccbbaa3412cdab003002f1,0b,ff,000
651,651,0,000,0f0e0d0c0b0a09080706050403020100,7856341211ccbbaa3412cdab003002f1,0b,ff,000
652,652,0,000,0f0e0d0c0b0a09080706050403020100,7856341211ccbbaa3412cdab003002f1,0b,ff,000
653,653,0,000,0f0e0d0c0b0a09080706050403020100,7856341211ccbbaa3412cdab003002f1,0b,ff,000
654,654,0,000,0f0e0d0c0b0a09080706050403020100,7856341211ccbbaa3412cdab003002f1,0b,ff,000
655,655,0,000,0f0e0d0c0b0a09080706050403020100,7856341211ccbbaa3412cdab003002f1,0b,ff,000
656,656,0,000,0f0e0d0c0b0a09080706050403020100,7856341211ccbbaa3412cdab003002f1,0b,ff,000
657,657,0,000,0f0e0d0c0b0a09080706050403020100,7856341211ccbbaa3412cdab003002f1,0b,ff,000
658,658,0,000,0f0e0d0c0b0a09080706050403020100,7856341211ccbbaa3412cdab003002f1,0b,ff,000
659,659,0,000,0f0e0d0c0b0a09080706050403020100,7856341211ccbbaa3412cdab003002f1,0b,ff,000
660,660,0,000,0f0e0d0c0b0a09080706050403020100,7856341211ccbbaa3412cdab003002f1,0b,ff,000
661,661,0,000,0f0e0d0c0b0a09080706050403020100,7856341211ccbbaa3412cdab003002f1,0b,ff,000
662,662,0,000,0f0e0d0c0b0a09080706050403020100,7856341211ccbbaa3412cdab003002f1,0b,ff,000
663,663,0,000,0f0e0d0c0b0a09080706050403020100,7856341211ccbbaa3412cdab003002f1,0b,ff,000
664,664,0,000,0f0e0d0c0b0a09080706050403020100,7856341211ccbbaa3412cdab003002f1,0b,ff,000
665,665,0,000,0f0e0d0c0b0a09080706050403020100,7856341211ccbbaa3412cdab003002f1,0b,ff,000
666,666,0,000,0f0e0d0c0b0a09080706050403020100,7856341211ccbbaa3412cdab003002f1,0b,ff,000
667,667,0,000,0f0e0d0c0b0a09080706050403020100,7856341211ccbbaa3412cdab003002f1,0b,ff,000
668,668,0,000,0f0e0d0c0b0a09080706050403020100,7856341211ccbbaa3412cdab003002f1,0b,ff,000
669,669,0,000,0f0e0d0c0b0a09080706050403020100,7856341211ccbbaa3412cdab003002f1,0b,ff,000
670,670,0,000,0f0e0d0c0b0a09080706050403020100,7856341211ccbbaa3412cdab003002f1,0b,ff,000
671,671,0,000,0f0e0d0c0b0a09080706050403020100,7856341211ccbbaa3412cdab003002f1,0b,ff,000
672,672,0,000,0f0e0d0c0b0a09080706050403020100,7856341211ccbbaa3412cdab003002f1,0b,ff,000
673,673,0,000,0f0e0d0c0b0a09080706050403020100,7856341211ccbbaa3412cdab003002f1,0b,ff,000
674,674,0,000,0f0e0d0c0b0a09080706050403020100,7856341211ccbbaa3412cdab003002f1,0b,ff,000
675,675,0,000,0f0e0d0c0b0a09080706050403020100,7856341211ccbbaa3412cdab003002f1,0b,ff,000
676,676,0,000,0f0e0d0c0b0a09080706050403020100,7856341211ccbbaa3412cdab003002f1,0b,ff,000
677,677,0,000,0f0e0d0c0b0a09080706050403020100,7856341211ccbbaa3412cdab003002f1,0b,ff,000
678,678,0,000,0f0e0d0c0b0a09080706050403020100,7856341211ccbbaa3412cdab003002f1,0b,ff,000
679,679,0,000,0f0e0d0c0b0a09080706050403020100,7856341211ccbbaa3412cdab003002f1,0b,ff,000
680,680,0,000,0f0e0d0c0b0a09080706050403020100,7856341211ccbbaa3412cdab003002f1,0b,ff,000
681,681,0,000,0f0e0d0c0b0a09080706050403020100,7856341211ccbbaa3412cdab003002f1,0b,ff,000
682,682,0,000,0f0e0d0c0b0a09080706050403020100,7856341211ccbbaa3412cdab003002f1,0b,ff,000
683,683,0,000,0f0e0d0c0b0a09080706050403020100,7856341211ccbbaa3412cdab003002f1,0b,ff,000
684,684,0,000,0f0e0d0c0b0a09080706050403020100,7856341211ccbbaa3412cdab003002f1,0b,ff,000
685,685,0,000,0f0e0d0c0b0a09080706050403020100,7856341211ccbbaa3412cdab003002f1,0b,ff,000
686,686,0,000,0f0e0d0c0b0a09080706050403020100,7856341211ccbbaa3412cdab003002f1,0b,ff,000
687,687,0,000,0f0e0d0c0b0a09080706050403020100,7856341211ccbbaa3412cdab003002f1,0b,ff,000
688,688,0,000,0f0e0d0c0b0a09080706050403020100,7856341211ccbbaa3412cdab003002f1,0b,ff,000
689,689,0,000,0f0e0d0c0b0a09080706050403020100,7856341211ccbbaa3412cdab003002f1,0b,ff,000
690,690,0,000,0f0e0d0c0b0a09080706050403020100,7856341211ccbbaa3412cdab003002f1,0b,ff,000
691,691,0,000,0f0e0d0c0b0a09080706050403020100,7856341211ccbbaa3412cdab003002f1,0b,ff,000
692,692,0,000,0f0e0d0c0b0a09080706050403020100,7856341211ccbbaa3412cdab003002f1,0b,ff,000
693,693,0,000,0f0e0d0c0b0a09080706050403020100,7856341211ccbbaa3412cdab003002f1,0b,ff,000
694,694,0,000,0f0e0d0c0b0a09080706050403020100,7856341211ccbbaa3412cdab003002f1,0b,ff,000
695,695,0,000,0f0e0d0c0b0a09080706050403020100,7856341211ccbbaa3412cdab003002f1,0b,ff,000
696,696,0,000,0f0e0d0c0b0a09080706050403020100,7856341211ccbbaa3412cdab003002f1,0b,ff,000
697,697,0,000,0f0e0d0c0b0a09080706050403020100,7856341211ccbbaa3412cdab003002f1,0b,ff,000
698,698,0,000,0f0e0d0c0b0a09080706050403020100,7856341211ccbbaa3412cdab003002f1,0b,ff,000
699,699,0,000,0f0e0d0c0b0a09080706050403020100,7856341211ccbbaa3412cdab003002f1,0b,ff,000
700,700,0,000,0f0e0d0c0b0a09080706050403020100,7856341211ccbbaa3412cdab003002f1,0b,ff,000
701,701,0,000,0f0e0d0c0b0a09080706050403020100,7856341211ccbbaa3412cdab003002f1,0b,ff,000
702,702,0,000,0f0e0d0c0b0a09080706050403020100,7856341211ccbbaa3412cdab003002f1,0b,ff,000
703,703,0,000,0f0e0d0c0b0a09080706050403020100,7856341211ccbbaa3412cdab003002f1,0b,ff,000
704,704,0,000,0f0e0d0c0b0a09080706050403020100,7856341211ccbbaa3412cdab003002f1,0b,ff,000
705,705,0,000,0f0e0d0c0b0a09080706050403020100,7856341211ccbbaa3412cdab003002f1,0b,ff,000
706,706,0,000,0f0e0d0c0b0a09080706050403020100,7856341211ccbbaa3412cdab003002f1,0b,ff,000
707,707,0,000,0f0e0d0c0b0a09080706050403020100,7856341211ccbbaa3412cdab003002f1,0b,ff,000
708,708,0,000,0f0e0d0c0b0a09080706050403020100,7856341211ccbbaa3412cdab003002f1,0b,ff,000
709,709,0,000,0f0e0d0c0b0a09080706050403020100,7856341211ccbbaa3412cdab003002f1,0b,ff,000
710,710,0,000,0f0e0d0c0b0a09080706050403020100,7856341211ccbbaa3412cdab003002f1,0b,ff,000
711,711,0,000,0f0e0d0c0b0a09080706050403020100,7856341211ccbbaa3412cdab003002f1,0b,ff,000
712,712,0,000,0f0e0d0c0b0a09080706050403020100,7856341211ccbbaa3412cdab003002f1,0b,ff,000
713,713,0,000,0f0e0d0c0b0a09080706050403020100,7856341211ccbbaa3412cdab003002f1,0b,ff,000
714,714,0,000,0f0e0d0c0b0a09080706050403020100,7856341211ccbbaa3412cdab003002f1,0b,ff,000
715,715,0,000,0f0e0d0c0b0a09080706050403020100,7856341211ccbbaa3412cdab003002f1,0b,ff,000
716,716,0,000,0f0e0d0c0b0a09080706050403020100,7856341211ccbbaa3412cdab003002f1,0b,ff,000
717,717,0,000,0f0e0d0c0b0a09080706050403020100,7856341211ccbbaa3412cdab003002f1,0b,ff,000
718,718,0,000,0f0e0d0c0b0a09080706050403020100,7856341211ccbbaa3412cdab003002f1,0b,ff,000
719,719,0,000,0f0e0d0c0b0a09080706050403020100,7856341211ccbbaa3412cdab003002f1,0b,ff,000
720,720,0,000,0f0e0d0c0b0a09080706050403020100,7856341211ccbbaa3412cdab003002f1,0b,ff,000
721,721,0,000,0f0e0d0c0b0a09080706050403020100,7856341211ccbbaa3412cdab003002f1,0b,ff,000
722,722,0,000,0f0e0d0c0b0a09080706050403020100,7856341211ccbbaa3412cdab003002f1,0b,ff,000
723,723,0,000,0f0e0d0c0b0a09080706050403020100,7856341211ccbbaa3412cdab003002f1,0b,ff,000
724,724,0,000,0f0e0d0c0b0a09080706050403020100,7856341211ccbbaa3412cdab003002f1,0b,ff,000
725,725,0,000,0f0e0d0c0b0a09080706050403020100,7856341211ccbbaa3412cdab003002f1,0b,ff,000
726,726,0,000,0f0e0d0c0b0a09080706050403020100,7856341211ccbbaa3412cdab003002f1,0b,ff,000
727,727,0,000,0f0e0d0c0b0a09080706050403020100,7856341211ccbbaa3412cdab003002f1,0b,ff,000
728,728,0,000,0f0e0d0c0b0a09080706050403020100,7856341211ccbbaa3412cdab003002f1,0b,ff,000
729,729,0,000,0f0e0d0c0b0a09080706050403020100,7856341211ccbbaa3412cdab003002f1,0b,ff,000
730,730,0,000,0f0e0d0c0b0a09080706050403020100,7856341211ccbbaa3412cdab003002f1,0b,ff,000
731,731,0,000,0f0e0d0c0b0a09080706050403020100,7856341211ccbbaa3412cdab003002f1,0b,ff,000
732,732,0,000,0f0e0d0c0b0a09080706050403020100,7856341211ccbbaa3412cdab003002f1,0b,ff,000
733,733,0,000,0f0e0d0c0b0a09080706050403020100,7856341211ccbbaa3412cdab003002f1,0b,ff,000
734,734,0,000,0f0e0d0c0b0a09080706050403020100,7856341211ccbbaa3412cdab003002f1,0b,ff,000
735,735,0,000,0f0e0d0c0b0a09080706050403020100,7856341211ccbbaa3412cdab003002f1,0b,ff,000
736,736,0,000,0f0e0d0c0b0a09080706050403020100,7856341211ccbbaa3412cdab003002f1,0b,ff,000
737,737,0,000,0f0e0d0c0b0a09080706050403020100,7856341211ccbbaa3412cdab003002f1,0b,ff,000
738,738,0,000,0f0e0d0c0b0a09080706050403020100,7856341211ccbbaa3412cdab003002f1,0b,ff,000
739,739,0,000,0f0e0d0c0b0a09080706050403020100,7856341211ccbbaa3412cdab003002f1,0b,ff,000
740,740,0,000,0f0e0d0c0b0a09080706050403020100,7856341211ccbbaa3412cdab003002f1,0b,ff,000
741,741,0,000,0f0e0d0c0b0a09080706050403020100,7856341211ccbbaa3412cdab003002f1,0b,ff,000
742,742,0,000,0f0e0d0c0b0a09080706050403020100,7856341211ccbbaa3412cdab003002f1,0b,ff,000
743,743,0,000,0f0e0d0c0b0a09080706050403020100,7856341211ccbbaa3412cdab003002f1,0b,ff,000
744,744,0,000,0f0e0d0c0b0a09080706050403020100,7856341211ccbbaa3412cdab003002f1,0b,ff,000
745,745,0,000,0f0e0d0c0b0a09080706050403020100,7856341211ccbbaa3412cdab003002f1,0b,ff,000
746,746,0,000,0f0e0d0c0b0a09080706050403020100,7856341211ccbbaa3412cdab003002f1,0b,ff,000
747,747,0,000,0f0e0d0c0b0a09080706050403020100,7856341211ccbbaa3412cdab003002f1,0b,ff,000
748,748,0,000,0f0e0d0c0b0a09080706050403020100,7856341211ccbbaa3412cdab003002f1,0b,ff,000
749,749,0,000,0f0e0d0c0b0a09080706050403020100,7856341211ccbbaa3412cdab003002f1,0b,ff,000
750,750,0,000,0f0e0d0c0b0a09080706050403020100,7856341211ccbbaa3412cdab003002f1,0b,ff,000
751,751,0,000,0f0e0d0c0b0a09080706050403020100,7856341211ccbbaa3412cdab003002f1,0b,ff,000
752,752,0,000,0f0e0d0c0b0a09080706050403020100,7856341211ccbbaa3412cdab003002f1,0b,ff,000
753,753,0,000,0f0e0d0c0b0a09080706050403020100,7856341211ccbbaa3412cdab003002f1,0b,ff,000
754,754,0,000,0f0e0d0c0b0a09080706050403020100,7856341211ccbbaa3412cdab003002f1,0b,ff,000
755,755,0,000,0f0e0d0c0b0a09080706050403020100,7856341211ccbbaa3412cdab003002f1,0b,ff,000
756,756,0,000,0f0e0d0c0b0a09080706050403020100,7856341211ccbbaa3412cdab003002f1,0b,ff,000
757,757,0,000,0f0e0d0c0b0a09080706050403020100,7856341211ccbbaa3412cdab003002f1,0b,ff,000
758,758,0,000,0f0e0d0c0b0a09080706050403020100,7856341211ccbbaa3412cdab003002f1,0b,ff,000
759,759,0,000,0f0e0d0c0b0a09080706050403020100,7856341211ccbbaa3412cdab003002f1,0b,ff,000
760,760,0,000,0f0e0d0c0b0a09080706050403020100,7856341211ccbbaa3412cdab003002f1,0b,ff,000
761,761,0,000,0f0e0d0c0b0a09080706050403020100,7856341211ccbbaa3412cdab003002f1,0b,ff,000
762,762,0,000,0f0e0d0c0b0a09080706050403020100,7856341211ccbbaa3412cdab003002f1,0b,ff,000
763,763,0,000,0f0e0d0c0b0a09080706050403020100,7856341211ccbbaa3412cdab003002f1,0b,ff,000
764,764,0,000,0f0e0d0c0b0a09080706050403020100,7856341211ccbbaa3412cdab003002f1,0b,ff,000
765,765,0,000,0f0e0d0c0b0a09080706050403020100,7856341211ccbbaa3412cdab003002f1,0b,ff,000
766,766,0,000,0f0e0d0c0b0a09080706050403020100,7856341211ccbbaa3412cdab003002f1,0b,ff,000
767,767,0,000,0f0e0d0c0b0a09080706050403020100,7856341211ccbbaa3412cdab003002f1,0b,ff,000
768,768,0,000,0f0e0d0c0b0a09080706050403020100,7856341211ccbbaa3412cdab003002f1,0b,ff,000
769,769,0,000,0f0e0d0c0b0a09080706050403020100,7856341211ccbbaa3412cdab003002f1,0b,ff,000
770,770,0,000,0f0e0d0c0b0a09080706050403020100,7856341211ccbbaa3412cdab003002f1,0b,ff,000
771,771,0,000,0f0e0d0c0b0a09080706050403020100,7856341211ccbbaa3412cdab003002f1,0b,ff,000
772,772,0,000,0f0e0d0c0b0a09080706050403020100,7856341211ccbbaa3412cdab003002f1,0b,ff,000
773,773,0,000,0f0e0d0c0b0a09080706050403020100,7856341211ccbbaa3412cdab003002f1,0b,ff,000
774,774,0,000,0f0e0d0c0b0a09080706050403020100,7856341211ccbbaa3412cdab003002f1,0b,ff,000
775,775,0,000,0f0e0d0c0b0a09080706050403020100,7856341211ccbbaa3412cdab003002f1,0b,ff,000
776,776,0,000,0f0e0d0c0b0a09080706050403020100,7856341211ccbbaa3412cdab003002f1,0b,ff,000
777,777,0,000,0f0e0d0c0b0a09080706050403020100,7856341211ccbbaa3412cdab003002f1,0b,ff,000
778,778,0,000,0f0e0d0c0b0a09080706050403020100,7856341211ccbbaa3412cdab003002f1,0b,ff,000
779,779,0,000,0f0e0d0c0b0a09080706050403020100,7856341211ccbbaa3412cdab003002f1,0b,ff,000
780,780,0,000,0f0e0d0c0b0a09080706050403020100,7856341211ccbbaa3412cdab003002f1,0b,ff,000
781,781,0,000,0f0e0d0c0b0a09080706050403020100,7856341211ccbbaa3412cdab003002f1,0b,ff,000
782,782,0,000,0f0e0d0c0b0a09080706050403020100,7856341211ccbbaa3412cdab003002f1,0b,ff,000
783,783,0,000,0f0e0d0c0b0a09080706050403020100,7856341211ccbbaa3412cdab003002f1,0b,ff,000
784,784,0,000,0f0e0d0c0b0a09080706050403020100,7856341211ccbbaa3412cdab003002f1,0b,ff,000
785,785,0,000,0f0e0d0c0b0a09080706050403020100,7856341211ccbbaa3412cdab003002f1,0b,ff,000
786,786,0,000,0f0e0d0c0b0a09080706050403020100,7856341211ccbbaa3412cdab003002f1,0b,ff,000
787,787,0,000,0f0e0d0c0b0a09080706050403020100,7856341211ccbbaa3412cdab003002f1,0b,ff,000
788,788,0,000,0f0e0d0c0b0a09080706050403020100,7856341211ccbbaa3412cdab003002f1,0b,ff,000
789,789,0,000,0f0e0d0c0b0a09080706050403020100,7856341211ccbbaa3412cdab003002f1,0b,ff,000
790,790,0,000,0f0e0d0c0b0a09080706050403020100,7856341211ccbbaa3412cdab003002f1,0b,ff,000
791,791,0,000,0f0e0d0c0b0a09080706050403020100,7856341211ccbbaa3412cdab003002f1,0b,ff,000
792,792,0,000,0f0e0d0c0b0a09080706050403020100,7856341211ccbbaa3412cdab003002f1,0b,ff,000
793,793,0,000,0f0e0d0c0b0a09080706050403020100,7856341211ccbbaa3412cdab003002f1,0b,ff,000
794,794,0,000,0f0e0d0c0b0a09080706050403020100,7856341211ccbbaa3412cdab003002f1,0b,ff,000
795,795,0,000,0f0e0d0c0b0a09080706050403020100,7856341211ccbbaa3412cdab003002f1,0b,ff,000
796,796,0,000,0f0e0d0c0b0a09080706050403020100,7856341211ccbbaa3412cdab003002f1,0b,ff,000
797,797,0,000,0f0e0d0c0b0a09080706050403020100,7856341211ccbbaa3412cdab003002f1,0b,ff,000
798,798,0,000,0f0e0d0c0b0a09080706050403020100,7856341211ccbbaa3412cdab003002f1,0b,ff,000
799,799,0,000,0f0e0d0c0b0a09080706050403020100,7856341211ccbbaa3412cdab003002f1,0b,ff,000
800,800,0,000,0f0e0d0c0b0a09080706050403020100,7856341211ccbbaa3412cdab003002f1,0b,ff,000
801,801,0,000,0f0e0d0c0b0a09080706050403020100,7856341211ccbbaa3412cdab003002f1,0b,ff,000
802,802,0,000,0f0e0d0c0b0a09080706050403020100,7856341211ccbbaa3412cdab003002f1,0b,ff,000
803,803,0,000,0f0e0d0c0b0a09080706050403020100,7856341211ccbbaa3412cdab003002f1,0b,ff,000
804,804,0,000,0f0e0d0c0b0a09080706050403020100,7856341211ccbbaa3412cdab003002f1,0b,ff,000
805,805,0,000,0f0e0d0c0b0a09080706050403020100,7856341211ccbbaa3412cdab003002f1,0b,ff,000
806,806,0,000,0f0e0d0c0b0a09080706050403020100,7856341211ccbbaa3412cdab003002f1,0b,ff,000
807,807,0,000,0f0e0d0c0b0a09080706050403020100,7856341211ccbbaa3412cdab003002f1,0b,ff,000
808,808,0,000,0f0e0d0c0b0a09080706050403020100,7856341211ccbbaa3412cdab003002f1,0b,ff,000
809,809,0,000,0f0e0d0c0b0a09080706050403020100,7856341211ccbbaa3412cdab003002f1,0b,ff,000
810,810,0,000,0f0e0d0c0b0a09080706050403020100,7856341211ccbbaa3412cdab003002f1,0b,ff,000
811,811,0,000,0f0e0d0c0b0a09080706050403020100,7856341211ccbbaa3412cdab003002f1,0b,ff,000
812,812,0,000,0f0e0d0c0b0a09080706050403020100,7856341211ccbbaa3412cdab003002f1,0b,ff,000
813,813,0,000,0f0e0d0c0b0a09080706050403020100,7856341211ccbbaa3412cdab003002f1,0b,ff,000
814,814,0,000,0f0e0d0c0b0a09080706050403020100,7856341211ccbbaa3412cdab003002f1,0b,ff,000
815,815,0,000,0f0e0d0c0b0a09080706050403020100,7856341211ccbbaa3412cdab003002f1,0b,ff,000
816,816,0,000,0f0e0d0c0b0a09080706050403020100,7856341211ccbbaa3412cdab003002f1,0b,ff,000
817,817,0,000,0f0e0d0c0b0a09080706050403020100,7856341211ccbbaa3412cdab003002f1,0b,ff,000
818,818,0,000,0f0e0d0c0b0a09080706050403020100,7856341211ccbbaa3412cdab003002f1,0b,ff,000
819,819,0,000,0f0e0d0c0b0a09080706050403020100,7856341211ccbbaa3412cdab003002f1,0b,ff,000
820,820,0,000,0f0e0d0c0b0a09080706050403020100,7856341211ccbbaa3412cdab003002f1,0b,ff,000
821,821,0,000,0f0e0d0c0b0a09080706050403020100,7856341211ccbbaa3412cdab003002f1,0b,ff,000
822,822,0,000,0f0e0d0c0b0a09080706050403020100,7856341211ccbbaa3412cdab003002f1,0b,ff,000
823,823,0,000,0f0e0d0c0b0a09080706050403020100,7856341211ccbbaa3412cdab003002f1,0b,ff,000
824,824,0,000,0f0e0d0c0b0a09080706050403020100,7856341211ccbbaa3412cdab003002f1,0b,ff,000
825,825,0,000,0f0e0d0c0b0a09080706050403020100,7856341211ccbbaa3412cdab003002f1,0b,ff,000
826,826,0,000,0f0e0d0c0b0a09080706050403020100,7856341211ccbbaa3412cdab003002f1,0b,ff,000
827,827,0,000,0f0e0d0c0b0a09080706050403020100,7856341211ccbbaa3412cdab003002f1,0b,ff,000
828,828,0,000,0f0e0d0c0b0a09080706050403020100,7856341211ccbbaa3412cdab003002f1,0b,ff,000
829,829,0,000,0f0e0d0c0b0a09080706050403020100,7856341211ccbbaa3412cdab003002f1,0b,ff,000
830,830,0,000,0f0e0d0c0b0a09080706050403020100,7856341211ccbbaa3412cdab003002f1,0b,ff,000
831,831,0,000,0f0e0d0c0b0a09080706050403020100,7856341211ccbbaa3412cdab003002f1,0b,ff,000
832,832,0,000,0f0e0d0c0b0a09080706050403020100,7856341211ccbbaa3412cdab003002f1,0b,ff,000
833,833,0,000,0f0e0d0c0b0a09080706050403020100,7856341211ccbbaa3412cdab003002f1,0b,ff,000
834,834,0,000,0f0e0d0c0b0a09080706050403020100,7856341211ccbbaa3412cdab003002f1,0b,ff,000
835,835,0,000,0f0e0d0c0b0a09080706050403020100,7856341211ccbbaa3412cdab003002f1,0b,ff,000
836,836,0,000,0f0e0d0c0b0a09080706050403020100,7856341211ccbbaa3412cdab003002f1,0b,ff,000
837,837,0,000,0f0e0d0c0b0a09080706050403020100,7856341211ccbbaa3412cdab003002f1,0b,ff,000
838,838,0,000,0f0e0d0c0b0a09080706050403020100,7856341211ccbbaa3412cdab003002f1,0b,ff,000
839,839,0,000,0f0e0d0c0b0a09080706050403020100,7856341211ccbbaa3412cdab003002f1,0b,ff,000
840,840,0,000,0f0e0d0c0b0a09080706050403020100,7856341211ccbbaa3412cdab003002f1,0b,ff,000
841,841,0,000,0f0e0d0c0b0a09080706050403020100,7856341211ccbbaa3412cdab003002f1,0b,ff,000
842,842,0,000,0f0e0d0c0b0a09080706050403020100,7856341211ccbbaa3412cdab003002f1,0b,ff,000
843,843,0,000,0f0e0d0c0b0a09080706050403020100,7856341211ccbbaa3412cdab003002f1,0b,ff,000
844,844,0,000,0f0e0d0c0b0a09080706050403020100,7856341211ccbbaa3412cdab003002f1,0b,ff,000
845,845,0,000,0f0e0d0c0b0a09080706050403020100,7856341211ccbbaa3412cdab003002f1,0b,ff,000
846,846,0,000,0f0e0d0c0b0a09080706050403020100,7856341211ccbbaa3412cdab003002f1,0b,ff,000
847,847,0,000,0f0e0d0c0b0a09080706050403020100,7856341211ccbbaa3412cdab003002f1,0b,ff,000
848,848,0,000,0f0e0d0c0b0a09080706050403020100,7856341211ccbbaa3412cdab003002f1,0b,ff,000
849,849,0,000,0f0e0d0c0b0a09080706050403020100,7856341211ccbbaa3412cdab003002f1,0b,ff,000
850,850,0,000,0f0e0d0c0b0a09080706050403020100,7856341211ccbbaa3412cdab003002f1,0b,ff,000
851,851,0,000,0f0e0d0c0b0a09080706050403020100,7856341211ccbbaa3412cdab003002f1,0b,ff,000
852,852,0,000,0f0e0d0c0b0a09080706050403020100,7856341211ccbbaa3412cdab003002f1,0b,ff,000
853,853,0,000,0f0e0d0c0b0a09080706050403020100,7856341211ccbbaa3412cdab003002f1,0b,ff,000
854,854,0,000,0f0e0d0c0b0a09080706050403020100,7856341211ccbbaa3412cdab003002f1,0b,ff,000
855,855,0,000,0f0e0d0c0b0a09080706050403020100,7856341211ccbbaa3412cdab003002f1,0b,ff,000
856,856,0,000,0f0e0d0c0b0a09080706050403020100,7856341211ccbbaa3412cdab003002f1,0b,ff,000
857,857,0,000,0f0e0d0c0b0a09080706050403020100,7856341211ccbbaa3412cdab003002f1,0b,ff,000
858,858,0,000,0f0e0d0c0b0a09080706050403020100,7856341211ccbbaa3412cdab003002f1,0b,ff,000
859,859,0,000,0f0e0d0c0b0a09080706050403020100,7856341211ccbbaa3412cdab003002f1,0b,ff,000
860,860,0,000,0f0e0d0c0b0a09080706050403020100,7856341211ccbbaa3412cdab003002f1,0b,ff,000
861,861,0,000,0f0e0d0c0b0a09080706050403020100,7856341211ccbbaa3412cdab003002f1,0b,ff,000
862,862,0,000,0f0e0d0c0b0a09080706050403020100,7856341211ccbbaa3412cdab003002f1,0b,ff,000
863,863,0,000,0f0e0d0c0b0a09080706050403020100,7856341211ccbbaa3412cdab003002f1,0b,ff,000
864,864,0,000,0f0e0d0c0b0a09080706050403020100,7856341211ccbbaa3412cdab003002f1,0b,ff,000
865,865,0,000,0f0e0d0c0b0a09080706050403020100,7856341211ccbbaa3412cdab003002f1,0b,ff,000
866,866,0,000,0f0e0d0c0b0a09080706050403020100,7856341211ccbbaa3412cdab003002f1,0b,ff,000
867,867,0,000,0f0e0d0c0b0a09080706050403020100,7856341211ccbbaa3412cdab003002f1,0b,ff,000
868,868,0,000,0f0e0d0c0b0a09080706050403020100,7856341211ccbbaa3412cdab003002f1,0b,ff,000
869,869,0,000,0f0e0d0c0b0a09080706050403020100,7856341211ccbbaa3412cdab003002f1,0b,ff,000
870,870,0,000,0f0e0d0c0b0a09080706050403020100,7856341211ccbbaa3412cdab003002f1,0b,ff,000
871,871,0,000,0f0e0d0c0b0a09080706050403020100,7856341211ccbbaa3412cdab003002f1,0b,ff,000
872,872,0,000,0f0e0d0c0b0a09080706050403020100,7856341211ccbbaa3412cdab003002f1,0b,ff,000
873,873,0,000,0f0e0d0c0b0a09080706050403020100,7856341211ccbbaa3412cdab003002f1,0b,ff,000
874,874,0,000,0f0e0d0c0b0a09080706050403020100,7856341211ccbbaa3412cdab003002f1,0b,ff,000
875,875,0,000,0f0e0d0c0b0a09080706050403020100,7856341211ccbbaa3412cdab003002f1,0b,ff,000
876,876,0,000,0f0e0d0c0b0a09080706050403020100,7856341211ccbbaa3412cdab003002f1,0b,ff,000
877,877,0,000,0f0e0d0c0b0a09080706050403020100,7856341211ccbbaa3412cdab003002f1,0b,ff,000
878,878,0,000,0f0e0d0c0b0a09080706050403020100,7856341211ccbbaa3412cdab003002f1,0b,ff,000
879,879,0,000,0f0e0d0c0b0a09080706050403020100,7856341211ccbbaa3412cdab003002f1,0b,ff,000
880,880,0,000,0f0e0d0c0b0a09080706050403020100,7856341211ccbbaa3412cdab003002f1,0b,ff,000
881,881,0,000,0f0e0d0c0b0a09080706050403020100,7856341211ccbbaa3412cdab003002f1,0b,ff,000
882,882,0,000,0f0e0d0c0b0a09080706050403020100,7856341211ccbbaa3412cdab003002f1,0b,ff,000
883,883,0,000,0f0e0d0c0b0a09080706050403020100,7856341211ccbbaa3412cdab003002f1,0b,ff,000
884,884,0,000,0f0e0d0c0b0a09080706050403020100,7856341211ccbbaa3412cdab003002f1,0b,ff,000
885,885,0,000,0f0e0d0c0b0a09080706050403020100,7856341211ccbbaa3412cdab003002f1,0b,ff,000
886,886,0,000,0f0e0d0c0b0a09080706050403020100,7856341211ccbbaa3412cdab003002f1,0b,ff,000
887,887,0,000,0f0e0d0c0b0a09080706050403020100,7856341211ccbbaa3412cdab003002f1,0b,ff,000
888,888,0,000,0f0e0d0c0b0a09080706050403020100,7856341211ccbbaa3412cdab003002f1,0b,ff,000
889,889,0,000,0f0e0d0c0b0a09080706050403020100,7856341211ccbbaa3412cdab003002f1,0b,ff,000
890,890,0,000,0f0e0d0c0b0a09080706050403020100,7856341211ccbbaa3412cdab003002f1,0b,ff,000
891,891,0,000,0f0e0d0c0b0a09080706050403020100,7856341211ccbbaa3412cdab003002f1,0b,ff,000
892,892,0,000,0f0e0d0c0b0a09080706050403020100,7856341211ccbbaa3412cdab003002f1,0b,ff,000
893,893,0,000,0f0e0d0c0b0a09080706050403020100,7856341211ccbbaa3412cdab003002f1,0b,ff,000
894,894,0,000,0f0e0d0c0b0a09080706050403020100,7856341211ccbbaa3412cdab003002f1,0b,ff,000
895,895,0,000,0f0e0d0c0b0a09080706050403020100,7856341211ccbbaa3412cdab003002f1,0b,ff,000
896,896,0,000,0f0e0d0c0b0a09080706050403020100,7856341211ccbbaa3412cdab003002f1,0b,ff,000
897,897,0,000,0f0e0d0c0b0a09080706050403020100,7856341211ccbbaa3412cdab003002f1,0b,ff,000
898,898,0,000,0f0e0d0c0b0a09080706050403020100,7856341211ccbbaa3412cdab003002f1,0b,ff,000
899,899,0,000,0f0e0d0c0b0a09080706050403020100,7856341211ccbbaa3412cdab003002f1,0b,ff,000
900,900,0,000,0f0e0d0c0b0a09080706050403020100,7856341211ccbbaa3412cdab003002f1,0b,ff,000
901,901,0,000,0f0e0d0c0b0a09080706050403020100,7856341211ccbbaa3412cdab003002f1,0b,ff,000
902,902,0,000,0f0e0d0c0b0a09080706050403020100,7856341211ccbbaa3412cdab003002f1,0b,ff,000
903,903,0,000,0f0e0d0c0b0a09080706050403020100,7856341211ccbbaa3412cdab003002f1,0b,ff,000
904,904,0,000,0f0e0d0c0b0a09080706050403020100,7856341211ccbbaa3412cdab003002f1,0b,ff,000
905,905,0,000,0f0e0d0c0b0a09080706050403020100,7856341211ccbbaa3412cdab003002f1,0b,ff,000
906,906,0,000,0f0e0d0c0b0a09080706050403020100,7856341211ccbbaa3412cdab003002f1,0b,ff,000
907,907,0,000,0f0e0d0c0b0a09080706050403020100,7856341211ccbbaa3412cdab003002f1,0b,ff,000
908,908,0,000,0f0e0d0c0b0a09080706050403020100,7856341211ccbbaa3412cdab003002f1,0b,ff,000
909,909,0,000,0f0e0d0c0b0a09080706050403020100,7856341211ccbbaa3412cdab003002f1,0b,ff,000
910,910,0,000,0f0e0d0c0b0a09080706050403020100,7856341211ccbbaa3412cdab003002f1,0b,ff,000
911,911,0,000,0f0e0d0c0b0a09080706050403020100,7856341211ccbbaa3412cdab003002f1,0b,ff,000
912,912,0,000,0f0e0d0c0b0a09080706050403020100,7856341211ccbbaa3412cdab003002f1,0b,ff,000
913,913,0,000,0f0e0d0c0b0a09080706050403020100,7856341211ccbbaa3412cdab003002f1,0b,ff,000
914,914,0,000,0f0e0d0c0b0a09080706050403020100,7856341211ccbbaa3412cdab003002f1,0b,ff,000
915,915,0,000,0f0e0d0c0b0a09080706050403020100,7856341211ccbbaa3412cdab003002f1,0b,ff,000
916,916,0,000,0f0e0d0c0b0a09080706050403020100,7856341211ccbbaa3412cdab003002f1,0b,ff,000
917,917,0,000,0f0e0d0c0b0a09080706050403020100,7856341211ccbbaa3412cdab003002f1,0b,ff,000
918,918,0,000,0f0e0d0c0b0a09080706050403020100,7856341211ccbbaa3412cdab003002f1,0b,ff,000
919,919,0,000,0f0e0d0c0b0a09080706050403020100,7856341211ccbbaa3412cdab003002f1,0b,ff,000
920,920,0,000,0f0e0d0c0b0a09080706050403020100,7856341211ccbbaa3412cdab003002f1,0b,ff,000
921,921,0,000,0f0e0d0c0b0a09080706050403020100,7856341211ccbbaa3412cdab003002f1,0b,ff,000
922,922,0,000,0f0e0d0c0b0a09080706050403020100,7856341211ccbbaa3412cdab003002f1,0b,ff,000
923,923,0,000,0f0e0d0c0b0a09080706050403020100,7856341211ccbbaa3412cdab003002f1,0b,ff,000
924,924,0,000,0f0e0d0c0b0a09080706050403020100,7856341211ccbbaa3412cdab003002f1,0b,ff,000
925,925,0,000,0f0e0d0c0b0a09080706050403020100,7856341211ccbbaa3412cdab003002f1,0b,ff,000
926,926,0,000,0f0e0d0c0b0a09080706050403020100,7856341211ccbbaa3412cdab003002f1,0b,ff,000
927,927,0,000,0f0e0d0c0b0a09080706050403020100,7856341211ccbbaa3412cdab003002f1,0b,ff,000
928,928,0,000,0f0e0d0c0b0a09080706050403020100,7856341211ccbbaa3412cdab003002f1,0b,ff,000
929,929,0,000,0f0e0d0c0b0a09080706050403020100,7856341211ccbbaa3412cdab003002f1,0b,ff,000
930,930,0,000,0f0e0d0c0b0a09080706050403020100,7856341211ccbbaa3412cdab003002f1,0b,ff,000
931,931,0,000,0f0e0d0c0b0a09080706050403020100,7856341211ccbbaa3412cdab003002f1,0b,ff,000
932,932,0,000,0f0e0d0c0b0a09080706050403020100,7856341211ccbbaa3412cdab003002f1,0b,ff,000
933,933,0,000,0f0e0d0c0b0a09080706050403020100,7856341211ccbbaa3412cdab003002f1,0b,ff,000
934,934,0,000,0f0e0d0c0b0a09080706050403020100,7856341211ccbbaa3412cdab003002f1,0b,ff,000
935,935,0,000,0f0e0d0c0b0a09080706050403020100,7856341211ccbbaa3412cdab003002f1,0b,ff,000
936,936,0,000,0f0e0d0c0b0a09080706050403020100,7856341211ccbbaa3412cdab003002f1,0b,ff,000
937,937,0,000,0f0e0d0c0b0a09080706050403020100,7856341211ccbbaa3412cdab003002f1,0b,ff,000
938,938,0,000,0f0e0d0c0b0a09080706050403020100,7856341211ccbbaa3412cdab003002f1,0b,ff,000
939,939,0,000,0f0e0d0c0b0a09080706050403020100,7856341211ccbbaa3412cdab003002f1,0b,ff,000
940,940,0,000,0f0e0d0c0b0a09080706050403020100,7856341211ccbbaa3412cdab003002f1,0b,ff,000
941,941,0,000,0f0e0d0c0b0a09080706050403020100,7856341211ccbbaa3412cdab003002f1,0b,ff,000
942,942,0,000,0f0e0d0c0b0a09080706050403020100,7856341211ccbbaa3412cdab003002f1,0b,ff,000
943,943,0,000,0f0e0d0c0b0a09080706050403020100,7856341211ccbbaa3412cdab003002f1,0b,ff,000
944,944,0,000,0f0e0d0c0b0a09080706050403020100,7856341211ccbbaa3412cdab003002f1,0b,ff,000
945,945,0,000,0f0e0d0c0b0a09080706050403020100,7856341211ccbbaa3412cdab003002f1,0b,ff,000
946,946,0,000,0f0e0d0c0b0a09080706050403020100,7856341211ccbbaa3412cdab003002f1,0b,ff,000
947,947,0,000,0f0e0d0c0b0a09080706050403020100,7856341211ccbbaa3412cdab003002f1,0b,ff,000
948,948,0,000,0f0e0d0c0b0a09080706050403020100,7856341211ccbbaa3412cdab003002f1,0b,ff,000
949,949,0,000,0f0e0d0c0b0a09080706050403020100,7856341211ccbbaa3412cdab003002f1,0b,ff,000
950,950,0,000,0f0e0d0c0b0a09080706050403020100,7856341211ccbbaa3412cdab003002f1,0b,ff,000
951,951,0,000,0f0e0d0c0b0a09080706050403020100,7856341211ccbbaa3412cdab003002f1,0b,ff,000
952,952,0,000,0f0e0d0c0b0a09080706050403020100,7856341211ccbbaa3412cdab003002f1,0b,ff,000
953,953,0,000,0f0e0d0c0b0a09080706050403020100,7856341211ccbbaa3412cdab003002f1,0b,ff,000
954,954,0,000,0f0e0d0c0b0a09080706050403020100,7856341211ccbbaa3412cdab003002f1,0b,ff,000
955,955,0,000,0f0e0d0c0b0a09080706050403020100,7856341211ccbbaa3412cdab003002f1,0b,ff,000
956,956,0,000,0f0e0d0c0b0a09080706050403020100,7856341211ccbbaa3412cdab003002f1,0b,ff,000
957,957,0,000,0f0e0d0c0b0a09080706050403020100,7856341211ccbbaa3412cdab003002f1,0b,ff,000
958,958,0,000,0f0e0d0c0b0a09080706050403020100,7856341211ccbbaa3412cdab003002f1,0b,ff,000
959,959,0,000,0f0e0d0c0b0a09080706050403020100,7856341211ccbbaa3412cdab003002f1,0b,ff,000
960,960,0,000,0f0e0d0c0b0a09080706050403020100,7856341211ccbbaa3412cdab003002f1,0b,ff,000
961,961,0,000,0f0e0d0c0b0a09080706050403020100,7856341211ccbbaa3412cdab003002f1,0b,ff,000
962,962,0,000,0f0e0d0c0b0a09080706050403020100,7856341211ccbbaa3412cdab003002f1,0b,ff,000
963,963,0,000,0f0e0d0c0b0a09080706050403020100,7856341211ccbbaa3412cdab003002f1,0b,ff,000
964,964,0,000,0f0e0d0c0b0a09080706050403020100,7856341211ccbbaa3412cdab003002f1,0b,ff,000
965,965,0,000,0f0e0d0c0b0a09080706050403020100,7856341211ccbbaa3412cdab003002f1,0b,ff,000
966,966,0,000,0f0e0d0c0b0a09080706050403020100,7856341211ccbbaa3412cdab003002f1,0b,ff,000
967,967,0,000,0f0e0d0c0b0a09080706050403020100,7856341211ccbbaa3412cdab003002f1,0b,ff,000
968,968,0,000,0f0e0d0c0b0a09080706050403020100,7856341211ccbbaa3412cdab003002f1,0b,ff,000
969,969,0,000,0f0e0d0c0b0a09080706050403020100,7856341211ccbbaa3412cdab003002f1,0b,ff,000
970,970,0,000,0f0e0d0c0b0a09080706050403020100,7856341211ccbbaa3412cdab003002f1,0b,ff,000
971,971,0,000,0f0e0d0c0b0a09080706050403020100,7856341211ccbbaa3412cdab003002f1,0b,ff,000
972,972,0,000,0f0e0d0c0b0a09080706050403020100,7856341211ccbbaa3412cdab003002f1,0b,ff,000
973,973,0,000,0f0e0d0c0b0a09080706050403020100,7856341211ccbbaa3412cdab003002f1,0b,ff,000
974,974,0,000,0f0e0d0c0b0a09080706050403020100,7856341211ccbbaa3412cdab003002f1,0b,ff,000
975,975,0,000,0f0e0d0c0b0a09080706050403020100,7856341211ccbbaa3412cdab003002f1,0b,ff,000
976,976,0,000,0f0e0d0c0b0a09080706050403020100,7856341211ccbbaa3412cdab003002f1,0b,ff,000
977,977,0,000,0f0e0d0c0b0a09080706050403020100,7856341211ccbbaa3412cdab003002f1,0b,ff,000
978,978,0,000,0f0e0d0c0b0a09080706050403020100,7856341211ccbbaa3412cdab003002f1,0b,ff,000
979,979,0,000,0f0e0d0c0b0a09080706050403020100,7856341211ccbbaa3412cdab003002f1,0b,ff,000
980,980,0,000,0f0e0d0c0b0a09080706050403020100,7856341211ccbbaa3412cdab003002f1,0b,ff,000
981,981,0,000,0f0e0d0c0b0a09080706050403020100,7856341211ccbbaa3412cdab003002f1,0b,ff,000
982,982,0,000,0f0e0d0c0b0a09080706050403020100,7856341211ccbbaa3412cdab003002f1,0b,ff,000
983,983,0,000,0f0e0d0c0b0a09080706050403020100,7856341211ccbbaa3412cdab003002f1,0b,ff,000
984,984,0,000,0f0e0d0c0b0a09080706050403020100,7856341211ccbbaa3412cdab003002f1,0b,ff,000
985,985,0,000,0f0e0d0c0b0a09080706050403020100,7856341211ccbbaa3412cdab003002f1,0b,ff,000
986,986,0,000,0f0e0d0c0b0a09080706050403020100,7856341211ccbbaa3412cdab003002f1,0b,ff,000
987,987,0,000,0f0e0d0c0b0a09080706050403020100,7856341211ccbbaa3412cdab003002f1,0b,ff,000
988,988,0,000,0f0e0d0c0b0a09080706050403020100,7856341211ccbbaa3412cdab003002f1,0b,ff,000
989,989,0,000,0f0e0d0c0b0a09080706050403020100,7856341211ccbbaa3412cdab003002f1,0b,ff,000
990,990,0,000,0f0e0d0c0b0a09080706050403020100,7856341211ccbbaa3412cdab003002f1,0b,ff,000
991,991,0,000,0f0e0d0c0b0a09080706050403020100,7856341211ccbbaa3412cdab003002f1,0b,ff,000
992,992,0,000,0f0e0d0c0b0a09080706050403020100,7856341211ccbbaa3412cdab003002f1,0b,ff,000
993,993,0,000,0f0e0d0c0b0a09080706050403020100,7856341211ccbbaa3412cdab003002f1,0b,ff,000
994,994,0,000,0f0e0d0c0b0a09080706050403020100,7856341211ccbbaa3412cdab003002f1,0b,ff,000
995,995,0,000,0f0e0d0c0b0a09080706050403020100,7856341211ccbbaa3412cdab003002f1,0b,ff,000
996,996,0,000,0f0e0d0c0b0a09080706050403020100,7856341211ccbbaa3412cdab003002f1,0b,ff,000
997,997,0,000,0f0e0d0c0b0a09080706050403020100,7856341211ccbbaa3412cdab003002f1,0b,ff,000
998,998,0,000,0f0e0d0c0b0a09080706050403020100,7856341211ccbbaa3412cdab003002f1,0b,ff,000
999,999,0,000,0f0e0d0c0b0a09080706050403020100,7856341211ccbbaa3412cdab003002f1,0b,ff,000
1000,1000,0,000,0f0e0d0c0b0a09080706050403020100,7856341211ccbbaa3412cdab003002f1,0b,ff,000
1001,1001,0,000,0f0e0d0c0b0a09080706050403020100,7856341211ccbbaa3412cdab003002f1,0b,ff,000
1002,1002,0,000,0f0e0d0c0b0a09080706050403020100,7856341211ccbbaa3412cdab003002f1,0b,ff,000
1003,1003,0,000,0f0e0d0c0b0a09080706050403020100,7856341211ccbbaa3412cdab003002f1,0b,ff,000
1004,1004,0,000,0f0e0d0c0b0a09080706050403020100,7856341211ccbbaa3412cdab003002f1,0b,ff,000
1005,1005,0,000,0f0e0d0c0b0a09080706050403020100,7856341211ccbbaa3412cdab003002f1,0b,ff,000
1006,1006,0,000,0f0e0d0c0b0a09080706050403020100,7856341211ccbbaa3412cdab003002f1,0b,ff,000
1007,1007,0,000,0f0e0d0c0b0a09080706050403020100,7856341211ccbbaa3412cdab003002f1,0b,ff,000
1008,1008,0,000,0f0e0d0c0b0a09080706050403020100,7856341211ccbbaa3412cdab003002f1,0b,ff,000
1009,1009,0,000,0f0e0d0c0b0a09080706050403020100,7856341211ccbbaa3412cdab003002f1,0b,ff,000
1010,1010,0,000,0f0e0d0c0b0a09080706050403020100,7856341211ccbbaa3412cdab003002f1,0b,ff,000
1011,1011,0,000,0f0e0d0c0b0a09080706050403020100,7856341211ccbbaa3412cdab003002f1,0b,ff,000
1012,1012,0,000,0f0e0d0c0b0a09080706050403020100,7856341211ccbbaa3412cdab003002f1,0b,ff,000
1013,1013,0,000,0f0e0d0c0b0a09080706050403020100,7856341211ccbbaa3412cdab003002f1,0b,ff,000
1014,1014,0,000,0f0e0d0c0b0a09080706050403020100,7856341211ccbbaa3412cdab003002f1,0b,ff,000
1015,1015,0,000,0f0e0d0c0b0a09080706050403020100,7856341211ccbbaa3412cdab003002f1,0b,ff,000
1016,1016,0,000,0f0e0d0c0b0a09080706050403020100,7856341211ccbbaa3412cdab003002f1,0b,ff,000
1017,1017,0,000,0f0e0d0c0b0a09080706050403020100,7856341211ccbbaa3412cdab003002f1,0b,ff,000
1018,1018,0,000,0f0e0d0c0b0a09080706050403020100,7856341211ccbbaa3412cdab003002f1,0b,ff,000
1019,1019,0,000,0f0e0d0c0b0a09080706050403020100,7856341211ccbbaa3412cdab003002f1,0b,ff,000
1020,1020,0,000,0f0e0d0c0b0a09080706050403020100,7856341211ccbbaa3412cdab003002f1,0b,ff,000
1021,1021,0,000,0f0e0d0c0b0a09080706050403020100,7856341211ccbbaa3412cdab003002f1,0b,ff,000
1022,1022,0,000,0f0e0d0c0b0a09080706050403020100,7856341211ccbbaa3412cdab003002f1,0b,ff,000
1023,1023,0,000,0f0e0d0c0b0a09080706050403020100,7856341211ccbbaa3412cdab003002f1,0b,ff,000
